41,-395.630451846517,-2.32615147768334,0.190367128707345,0.981712970428588
42,-395.674086204496,-2.32450428271339,0.190328095643769,0.981720538650698
43,-395.713047749308,-2.32258291303932,0.190330238931449,0.981720123124864
44,-395.749426317549,-2.32237505537627,0.190330847523385,0.981720005134371
45,-395.773439885145,-2.32428053060884,0.190299050022435,0.981726169336724
46,-395.818428168335,-2.32147895520762,0.190293431531017,0.981727258415569
47,-395.848480257251,-2.32520517362356,0.190288934988194,0.981728129993767
48,-395.873905472211,-2.32836913269763,0.190277682769929,0.981730310950877
49,-395.89568996951,-2.32500894586719,0.190282810466678,0.981729317093517
50,-395.908934177586,-2.32358439218107,0.190307757983405,0.981724481334417
51,-395.934272743416,-2.32072239883759,0.190376887432259,0.981711078032435
52,-395.947286928907,-2.32278872571263,0.190359138392595,0.981714519822554
53,-395.959676072219,-2.32831535828018,0.190384240804451,0.981709652011893
54,-395.972630314932,-2.32383499361267,0.190406080254636,0.981705416406605
55,-395.977725742483,-2.32553582009924,0.190389828857988,0.981708568296837
56,-395.991651743009,-2.32491733407531,0.190387226639154,0.981709072960341
57,-396.001996338535,-2.32460825476036,0.190395407631415,0.98170748634859
58,-396.019630972314,-2.32616258502157,0.190402310536359,0.981706147552523
59,-396.020412401879,-2.32581798984495,0.190413049967334,0.981704064574522
60,-396.026722578979,-2.32754660551326,0.19044407283967,0.981698046814925
61,-396.031173878839,-2.32720826801338,0.190425678873706,0.981701614965305
62,-396.033794769078,-2.32635405497198,0.190426904640384,0.981701377196285
63,-396.034460036319,-2.32805502250743,0.190411817517426,0.981704303621875
64,-396.036795435201,-2.32819338428796,0.190396786531611,0.981707218919386
65,-396.04007303671,-2.32659869300619,0.190392702913203,0.981708010906199
66,-396.043113177272,-2.32633669375712,0.190377003166565,0.981711055588821
67,-396.044194477959,-2.32707345386004,0.190354887803542,0.981715344022543
68,-396.040932112301,-2.32199460109489,0.190376241535827,0.981711203286737
69,-396.034816762632,-2.32013625973705,0.190374368582731,0.981711566493299
70,-396.025421810049,-2.31760883742802,0.190377115130395,0.981711033876379
71,-396.016173517008,-2.31238028097193,0.190386867970497,0.981709142518488
72,-396.010209493127,-2.31065394971122,0.190385803111733,0.981709349030303
73,-395.991646519052,-2.29976925752802,0.190423593593283,0.981702019455507
74,-395.95653230277,-2.28118762717339,0.190471888742824,0.981692650272345
75,-395.910941279757,-2.26175136460473,0.190519855769352,0.981683342304241
76,-395.867661434878,-2.24643568599726,0.190577353612411,0.981672181682913
77,-395.837591461602,-2.23559515062109,0.190582206637251,0.981671239526388
78,-395.834875601682,-2.23500450854628,0.190504445747529,0.981686332873401
79,-395.857403448113,-2.24657358789308,0.190444747052109,0.981697916021144
80,-395.906508742843,-2.26880092464103,0.190353784642173,0.981715557925207
81,-395.973029154983,-2.29509991220798,0.190275673074845,0.981730700465211
82,-396.058383995436,-2.33443071600169,0.189506486663627,0.981879468933132
83,-396.15437022323,-2.38426651212774,0.187682444746659,0.982229759238599
84,-396.267554199221,-2.43414171194596,0.184584308183551,0.982816683401538
85,-396.389949047585,-2.49527658081067,0.180764427052075,0.983526421563008
86,-396.522081120448,-2.55530331234209,0.176365589016353,0.984324732499857
87,-396.666157395417,-2.61541397708869,0.171652815454138,0.98515750565413
88,-396.795908645976,-2.67702511758782,0.166417070257393,0.986055454184472
89,-396.994807980172,-2.75808230197269,0.160885427035579,0.986973089485007
90,-397.182507809688,-2.83222438347788,0.154908046621143,0.987928892730657
91,-397.369363114995,-2.91207605110712,0.148724548763633,0.988878662220524
92,-397.570317091512,-2.9873403246841,0.142535965898011,0.989789623316753
93,-397.78214552668,-3.07429919030487,0.136427615550941,0.990650042000244
94,-398.002118656194,-3.1528329588653,0.130444019051635,0.991455676212334
95,-398.243185520226,-3.22403429171818,0.124438188217162,0.992227361703571
96,-398.47578506903,-3.29659181457769,0.118215407206061,0.992987974498737
97,-398.725364642092,-3.37043715496288,0.111679139302187,0.993744318144623
98,-398.917569547712,-3.42485842869772,0.105088419919644,0.994462882162423
99,-399.235330954074,-3.50690391715859,0.0983987273355328,0.995147069763433
100,-399.515499800496,-3.58120534532637,0.0922937871829164,0.995731819742361
101,-399.776108915378,-3.65157920359303,0.0877806169218798,0.996139831194805
102,-400.047829706357,-3.71817061096472,0.0848681173668278,0.996392193192324
103,-400.323262933291,-3.78753040146043,0.0821990908807743,0.996615928760109
104,-400.587945810188,-3.84613389543459,0.0803260476235186,0.996768642199976
105,-400.855858254185,-3.90778025837472,0.0789001277956552,0.996882525593577
106,-401.109600111318,-3.95774869719833,0.0776984380442905,0.996976906816541
107,-401.364489492752,-4.01004657638238,0.0766526507092594,0.997057857468284
108,-401.550213027242,-4.04790647473292,0.0754578701608686,0.997148990788631
109,-401.865108689779,-4.10925231611056,0.0744209630317454,0.997226915130868
110,-402.129625570444,-4.16601538825947,0.073273105993004,0.99731191306338
111,-402.382952566255,-4.21637295142664,0.0721201813333699,0.997395949181889
112,-402.655134158522,-4.28235079258247,0.0708520603863753,0.997486834769765
113,-402.944013665244,-4.33843180648066,0.0697374553306345,0.99756537997467
114,-403.236672325175,-4.39423233966011,0.0690182111748619,0.997615400104781
115,-403.53672639783,-4.45594342461066,0.0687283269156081,0.997635412903622
116,-403.834144646514,-4.51914947803957,0.0686199263101704,0.997642874837077
117,-404.139355925615,-4.5793836215517,0.0682964094061947,0.99766507429208
118,-404.440082131875,-4.63400856538431,0.0681439565654479,0.997675498939212
119,-404.744850656673,-4.68951169235519,0.0678794736584646,0.997693528622818
120,-405.053309458127,-4.75381834539156,0.0677460987140076,0.997702594017392
121,-405.34308440671,-4.80581270027928,0.0675158621093223,0.997718200878201
122,-405.637987907115,-4.86315141624874,0.067385990910627,0.997726980806369
123,-405.930921015254,-4.91599206404169,0.0671138203231195,0.997745325782905
124,-406.222956614437,-4.98032070838853,0.067020154034588,0.997751621874492
125,-406.519878152076,-5.03095521018335,0.0668405086472335,0.997763672621818
126,-406.805315290617,-5.08246182493362,0.066730041299219,0.997771066722324
127,-407.098753997804,-5.14278563687553,0.0665366037486488,0.997783984819157
128,-407.399858138624,-5.20159074955125,0.0663950366532886,0.997793415045323
129,-407.714658697713,-5.26355879575419,0.0663717641495105,0.997794963368568
130,-408.047269544551,-5.32332430076297,0.0677943440317054,0.997699316887263
131,-408.375729308219,-5.38494191743968,0.0698300427528594,0.997558903087499
132,-408.729055512761,-5.4556244770224,0.0722741177560027,0.997384806332336
133,-409.097557344706,-5.52519537249931,0.0741416854894288,0.997247717707484
134,-409.471220452633,-5.60121901098289,0.0760382945653661,0.997104898072209
135,-409.869792794265,-5.68938966495334,0.076332827968517,0.997082393473242
136,-410.251703264717,-5.76451342858243,0.076717286213209,0.997052886258337
137,-410.651435099353,-5.84819812066594,0.0767228629261949,0.997052457147771
138,-411.049187129693,-5.93073554327474,0.0770107101423587,0.997030265600483
139,-411.447694340604,-6.01058443368527,0.0773327599051651,0.997005338122846
140,-411.860194598737,-6.1090191265946,0.0777280807421273,0.99697459619799
141,-412.251556416253,-6.18908347421525,0.0785615961437802,0.996909261473351
142,-412.650395775325,-6.27169259725103,0.0796934926974055,0.996819415552129
143,-413.051063110221,-6.36078149993518,0.0809825304232536,0.996715520981913
144,-413.44915207325,-6.44821087260707,0.0824331083477508,0.996596599757459
145,-413.86210277585,-6.54014510338514,0.0838900803961161,0.996475014443982
146,-414.248972414132,-6.62413194427832,0.0856972381877508,0.996321224990711
147,-414.643836496327,-6.7124081200474,0.0875283967660467,0.996162024853169
148,-414.951083457141,-6.78214036669663,0.0894641635570206,0.995990041837288
149,-415.450517789686,-6.89849761420884,0.0911799786018728,0.995834429763383
150,-415.855081295429,-6.989148639336,0.0929826675339595,0.995667727476526
151,-416.230652547847,-7.07750914278428,0.0948036474527128,0.995495991167047
152,-416.611881577374,-7.17226820412191,0.0964662987825666,0.995336251323739
153,-417.00144583053,-7.26939438526073,0.0982775191811201,0.995159047199795
154,-417.387014329356,-7.37370960541112,0.0998157434083737,0.995005938358075
155,-417.772776757171,-7.47164831733028,0.101334583177845,0.994852402244761
156,-418.136958881054,-7.5694854498895,0.102904038595246,0.994691288209959
157,-418.516295572505,-7.67307119873034,0.104328113756716,0.994542932547392
158,-418.896151667317,-7.77571138219071,0.105739335706233,0.994393882163604
159,-419.268626538726,-7.87706681084739,0.107167722307017,0.994240956355916
160,-419.656004421012,-7.98157998731756,0.108514250321214,0.994094893597802
161,-420.022807977499,-8.08258891378024,0.109841182710135,0.993949150903022
162,-420.401290363885,-8.18913434429467,0.111019121256435,0.993818270467719
163,-420.789400963703,-8.30145882560344,0.111999819603837,0.993708227000616
164,-421.187929330139,-8.4162298796934,0.112831296914713,0.993614159740361
165,-421.609911130829,-8.53112513385969,0.113518342740114,0.993535900640504
166,-422.011687834762,-8.64691023482729,0.114134528993939,0.993465303516601
167,-422.431978194779,-8.76743127144422,0.114068118614637,0.993472930841962
168,-422.763186151707,-8.86509980917168,0.114013156865766,0.993479239874443
169,-423.274893415856,-9.02331757514213,0.113851978863569,0.993497723655595
170,-423.721377172726,-9.1452627686165,0.113727887388018,0.993511936330036
171,-424.142736322819,-9.26110112001042,0.113458963048777,0.993542683383002
172,-424.577679350256,-9.39756289467736,0.113140747897902,0.993578970774394
173,-425.007457551626,-9.51955397540584,0.112746668663317,0.993623766173759
174,-425.434896974837,-9.63667863800707,0.112410525419608,0.993661850819929
175,-425.873166164275,-9.76812621285673,0.111690618726383,0.993743027994923
176,-426.295208886507,-9.8882663159322,0.110630017779893,0.993861659973872
177,-426.726984720145,-10.005866924564,0.109448233018297,0.993992497099034
178,-427.068054628486,-10.1039810209367,0.108382005740422,0.994109320362546
179,-427.594217435056,-10.2462438255276,0.107358016180719,0.994220426445635
180,-428.040232336256,-10.374817082953,0.106288555686707,0.994335327206086
181,-428.457887410039,-10.4953586574968,0.105737234074527,0.994394105639343
182,-428.887266612145,-10.6032049916684,0.10527717303494,0.994442917837807
183,-429.309968672766,-10.7206532257834,0.105069543162126,0.994464876755183
184,-429.736374359799,-10.8396748537714,0.104776552102446,0.994495788894816
185,-430.164511423719,-10.9576923117522,0.10426461526609,0.994549591525437
186,-430.563082876675,-11.0607572159669,0.103794962389859,0.994598715956585
187,-430.967293658622,-11.1692559513401,0.103400213373552,0.994639832237933
188,-431.293543289122,-11.2568566472694,0.103033043116057,0.994677933818904
189,-431.737617568036,-11.3831074589803,0.102693327707951,0.994713064377998
190,-432.138286047296,-11.4933085105951,0.100976386954251,0.99488882257148
191,-432.591739069522,-11.6065144318847,0.0986660800879465,0.995120598038287
192,-432.970030226216,-11.7012943341308,0.0964580085891949,0.995337054760349
193,-433.345264438326,-11.8092976857826,0.0943602371812623,0.995538118626854
194,-433.71771905847,-11.9009666463438,0.0921635519238908,0.995743882580642
195,-434.088828860177,-11.9892629286259,0.0901659620674063,0.995926753975642
196,-434.448509777274,-12.0846757940591,0.0877599313391249,0.996141653808007
197,-434.807778975348,-12.1708717817541,0.0843556457293975,0.996435710436743
198,-435.116444052986,-12.2446133458736,0.0804307374881873,0.996760200081798
199,-435.527562404878,-12.3391556673527,0.0758108942618987,0.997122213327539
200,-435.880749993478,-12.4132996653708,0.071073323711762,0.997471093644604
201,-436.224231823479,-12.4840473778509,0.0661605670813317,0.997808989418053
202,-436.570474196693,-12.5508538283035,0.0605939255826467,0.998162499887911
203,-436.915379515868,-12.6153258566427,0.0552826707089501,0.998470743847453
204,-437.259837896003,-12.6666834500927,0.0499360014114435,0.998752419653157
205,-437.594732227874,-12.7221559268844,0.0440450738546484,0.999029544842963
206,-437.923309162715,-12.7788927992294,0.0369718132192943,0.999316308796808
207,-438.25723759619,-12.8246790653219,0.0294430148387009,0.999566460460338
208,-438.515335338582,-12.8481806833035,0.0214518241924113,0.999769883142525
209,-438.919318284707,-12.8957251309922,0.0126972586755603,0.9999193865618
210,-439.246388466264,-12.9260747146729,0.00344804179162068,0.999994055486233
211,-439.568041248217,-12.9469189409662,-0.00566241777183409,0.999983968383982
212,-439.893249785489,-12.9577675980203,-0.0149463478895081,0.999888297103614
213,-440.21429800166,-12.9752850911548,-0.0241264669999876,0.999708914429645
214,-440.5332023869,-12.9801269944372,-0.0339820357084594,0.999422443838995
215,-440.857665713784,-12.9782249294592,-0.0438302992229381,0.999038990665543
216,-441.169315874266,-12.9837130184696,-0.054182215242556,0.998531064890527
217,-441.497103582076,-12.9724190531644,-0.065064160890348,0.997881082578297
218,-441.821713183454,-12.9443327716209,-0.0766339191971028,0.997059297348203
219,-442.131238083342,-12.9159474860428,-0.0881260314203124,0.996109332646827
220,-442.440103460789,-12.8740225689269,-0.0994950470369386,0.995038057370228
221,-442.754115122174,-12.8391974110369,-0.111176280728312,0.993800701651704
222,-443.062028875147,-12.7947937059456,-0.122843671041449,0.99242603376023
223,-443.370600684733,-12.736549000802,-0.135148910117353,0.990825298472991
224,-443.676546423133,-12.67912182357,-0.147375239899644,0.989080653265709
225,-443.978247382175,-12.6119786971436,-0.15974503230919,0.987158307796949
226,-444.276245908693,-12.5359710653053,-0.172312040660833,0.98504241565696
227,-444.574348820551,-12.4492665583827,-0.185170625383607,0.98270638519094
228,-444.824836408248,-12.3691917389642,-0.198243078123651,0.980152887041639
229,-445.167961228279,-12.2554605999304,-0.211563008189662,0.977364360699602
230,-445.460957223103,-12.1425325977792,-0.225010640476207,0.974356306323558
231,-445.757390128878,-12.0235627373,-0.239027047008826,0.971012909697003
232,-446.053514151033,-11.8963218942045,-0.253240235483984,0.967403423155002
233,-446.337862885888,-11.7560648919928,-0.268005840041142,0.963417287422144
234,-446.618939507788,-11.6126574195223,-0.282878990067742,0.959155606238245
235,-446.909265015986,-11.4634944706333,-0.298070075973503,0.954543990504969
236,-447.183461233651,-11.2931919286718,-0.313178585230531,0.949694252774546
237,-447.462339814417,-11.1192910232063,-0.328462016757723,0.944517180122971
238,-447.734144354368,-10.9346767581284,-0.343497145475331,0.939153720671062
239,-447.987695663743,-10.7315457040386,-0.358605812290716,0.933489084773526
240,-448.245318449654,-10.5273325378359,-0.373391779652612,0.927673745930031
241,-448.497502553612,-10.3351028721723,-0.388381801384718,0.921498549295202
242,-448.747669846553,-10.1224050678904,-0.403155295933223,0.915131579261144
243,-448.988767859894,-9.89603094079301,-0.41879677181441,0.90807998762104
244,-449.219561472394,-9.66307877648146,-0.434903976013098,0.900476835708725
245,-449.433528976171,-9.41937978035959,-0.450981838540276,0.892533126167781
246,-449.645192274767,-9.17477459338821,-0.466861991053694,0.884330187944175
247,-449.84143571427,-8.92070142115773,-0.482996201141939,0.875622446995539
248,-450.032740464058,-8.65418885295012,-0.498532548560329,0.866870981188056
249,-450.223175012768,-8.38357760150837,-0.514200260576195,0.857670153394283
250,-450.399808398256,-8.10058514540706,-0.529578186540331,0.848261129806532
251,-450.562083486753,-7.82400843296065,-0.544731958002354,0.838610215732507
252,-450.724269947739,-7.53695360615221,-0.559714923137374,0.828685226619447
253,-450.866262691407,-7.24168614717435,-0.57443473052142,0.818550389634495
254,-451.001294908556,-6.94745983207629,-0.588915267487943,0.808194783279133
255,-451.121448124847,-6.65139519610577,-0.603308754513274,0.797507709509847
256,-451.237351190538,-6.34145139788194,-0.617494948943663,0.786574845789683
257,-451.33293405728,-6.03551748283892,-0.631183874749378,0.775633235657396
258,-451.405309335045,-5.80859277205648,-0.644619704919076,0.764503391771445
259,-451.492818080781,-5.43454573817527,-0.657552002309175,0.753409161252499
260,-451.549283404812,-5.12591879779069,-0.670444715699865,0.741959488914407
261,-451.614068185826,-4.82953441786118,-0.683080987144743,0.730342635344099
262,-451.660259031272,-4.52977180352455,-0.695464569004082,0.718560389431512
263,-451.691171090884,-4.21559591222565,-0.70774560464189,0.706467380075036
264,-451.713288239332,-3.91110909390338,-0.719720019095391,0.694264426651207
265,-451.726973668786,-3.60665735157872,-0.73145507460864,0.681889634639851
266,-451.732030827785,-3.29688493313456,-0.742840238474725,0.669468729742334
267,-451.716698009339,-2.99291785607695,-0.753963244559691,0.656916604945425
268,-451.695231879367,-2.75431905995713,-0.764907244418792,0.644140440770217
269,-451.663585266584,-2.38185846044816,-0.775664213915388,0.631145805064902
270,-451.629053794728,-2.07981694795878,-0.786096329562327,0.618104004718169
271,-451.576951333753,-1.77420975671246,-0.796380120532368,0.60479641501984
272,-451.512786272644,-1.47186135419898,-0.806280017760988,0.591534050549367
273,-451.445211720683,-1.1730259220264,-0.816068489055551,0.577955206889418
274,-451.377851418191,-0.874861394491811,-0.825575266107937,0.56429201659319
275,-451.290216410164,-0.580572809595417,-0.834783490957758,0.550578353392484
276,-451.18111743249,-0.299236075322874,-0.84372074930421,0.536782355516221
277,-451.078590859011,-0.0196219110287341,-0.852496260264203,0.522733322293067
278,-450.961630520647,0.250141385854743,-0.860882246272673,0.508804243351524
279,-450.849755912436,0.516766007812063,-0.869074893828141,0.494680532179715
280,-450.729706385602,0.775858765990285,-0.877066192358565,0.480369539231671
281,-450.591038524763,1.02666564100905,-0.884887252712779,0.465805270457978
282,-450.448038298717,1.28135778852569,-0.892582637075342,0.450883838689776
283,-450.294757234542,1.53384999748972,-0.89988916997456,0.436118655600167
284,-450.119313319882,1.77776273807549,-0.907131773336445,0.420846701072347
285,-449.943604015951,2.0215532638432,-0.914040107218348,0.405623818822651
286,-449.751572260174,2.26097162086208,-0.920794935939069,0.390047030432186
287,-449.551395062751,2.50048735836007,-0.927288506089849,0.374347467566773
288,-449.368323597678,2.68971043633219,-0.933521031947716,0.358522639328776
289,-449.115172272458,2.95001873591783,-0.939460813360364,0.342656358703999
290,-448.899786822472,3.1642196664889,-0.945222239363575,0.326427508357535
291,-448.675157820313,3.37386440720597,-0.949538830644687,0.313649500394821
292,-448.436325681225,3.56890385177981,-0.955779365434254,0.294084689520034
293,-448.186041048339,3.76715964340411,-0.960643436436184,0.277784427267044
294,-447.94271150352,3.96054022838346,-0.965349286888323,0.260961212259996
295,-447.687768938972,4.13983582198039,-0.969824296925652,0.243804907851881
296,-447.417701281418,4.3140308913943,-0.974077098571054,0.226216281552406
297,-447.126666344537,4.47264431899911,-0.978118529753922,0.208048412039182
298,-446.829376968227,4.63477993302584,-0.981908463692507,0.189356195908718
299,-446.522251233123,4.79173143877831,-0.985410134072424,0.170196555979747
300,-446.190365932908,4.93701079238862,-0.988644133772835,0.150275669210156
301,-445.856037225164,5.08065034045721,-0.99131016656735,0.131545253278909
302,-445.511317705178,5.20234748849448,-0.99343906224731,0.114362710711072
303,-445.163032593975,5.31164681626653,-0.994928017728462,0.100589460376892
304,-444.813562598272,5.39796534766823,-0.995951498004268,0.0898922333856208
305,-444.470603949144,5.48059740523278,-0.996573628218822,0.0827103593195706
306,-444.130603855736,5.55829415510277,-0.996938151794151,0.0781941269998047
307,-443.797679785588,5.6307479759645,-0.997038609230707,0.0769026118106409
308,-443.462762176163,5.70154876521493,-0.997077996948326,0.0763902349879433
309,-443.11969658774,5.77579612355332,-0.997092230234976,0.0762042282622298
310,-442.77030264452,5.84881595956115,-0.997106909912878,0.0760119083038432
311,-442.408784710481,5.92434999902397,-0.997118964942746,0.075853607373068
312,-442.042528480542,6.00559770234459,-0.997131488742108,0.0756887981074264
313,-441.668117353043,6.08370162074486,-0.997143367275641,0.0755321461246508
314,-441.291334171459,6.16483423620814,-0.997160955551199,0.075299593121203
315,-440.922983347338,6.24438478212167,-0.99716858024664,0.0751985543005959
316,-440.4409443711,6.34735472559962,-0.99727267393277,0.0738052425440311
317,-440.051585699038,6.43029321795525,-0.997266060887589,0.073894545142057
318,-439.668205928449,6.50167492243211,-0.997265403284305,0.0739034194891738
319,-439.281797729177,6.58861268981068,-0.997264797991147,0.0739115869649477
320,-438.891635961681,6.6658091986353,-0.997261054922589,0.0739620736234793
321,-438.505905793541,6.7542828236722,-0.997258090367072,0.0740020350897296
322,-438.114876975104,6.83626722642349,-0.997258546944419,0.0739958819550554
323,-437.716544745747,6.91453810922993,-0.997260277771552,0.0739725515242499
324,-437.316182024259,7.00391935183918,-0.997258411959624,0.0739977011519162
325,-436.902431087538,7.09800495078385,-0.997252788769521,0.0740734452514033
326,-436.482931085044,7.18153691178537,-0.997247773615665,0.0741409334888594
327,-436.075382115916,7.27268715693144,-0.997221085424564,0.0744990388169903
328,-435.744948040616,7.34767241992984,-0.997244800804983,0.0741809090496274
329,-435.219265019225,7.4597097645587,-0.997252858621923,0.0740725048206362
330,-434.77890134456,7.53930537588742,-0.997252438074172,0.0740781665210498
331,-434.343612867314,7.6361816779975,-0.997257789738039,0.0740060862821545
332,-433.903057475043,7.73625535130986,-0.997267170830424,0.0738795640477273
333,-433.451701810842,7.82875402740818,-0.997268789363803,0.0738577129408631
334,-432.985096329697,7.93067558254331,-0.997272606995788,0.0738061470056848
335,-432.515918111112,8.03963901104008,-0.997272911045729,0.0738020385516437
336,-432.037566329609,8.12881686412616,-0.997277539319929,0.073739470895765
337,-431.560459396102,8.22491848148267,-0.997272759869834,0.0738040813343304
338,-431.179598764793,8.31184336904545,-0.997287164255396,0.0736091842872209
339,-430.580332167497,8.44520391141632,-0.997287627518036,0.0736029075475128
340,-430.082715721549,8.53843540663225,-0.997289633866024,0.07357571734867
341,-429.587519175372,8.64261158211972,-0.997291178866321,0.0735547724857075
342,-429.09069810597,8.75427141128619,-0.997296060886762,0.0734885497186297
343,-428.587503897391,8.85148602275625,-0.997299300815767,0.0734445681611839
344,-428.087603643422,8.95302026854765,-0.997310751259778,0.0732889174545316
345,-427.589277718177,9.0594175593846,-0.997312685075905,0.0732625974607021
346,-427.083832816651,9.16848334781803,-0.997303277630866,0.0733905472573333
347,-426.594758596041,9.2729043044735,-0.997310668099327,0.0732900490876741
348,-426.192405356824,9.35279016819466,-0.99731346638916,0.0732519607849332
349,-425.543118172286,9.48547927415333,-0.997318276042128,0.0731864486934415
350,-425.020627442139,9.59839097538409,-0.997315316401651,0.0732267688122017
351,-424.493610670768,9.70211183169227,-0.997328160662664,0.0730516252333119
352,-423.973102759589,9.81447605005601,-0.997336180691728,0.072942050171606
353,-423.454403145274,9.92760102571587,-0.997339572670626,0.0728956568333963
354,-422.922744908495,10.0349689535184,-0.997355037133463,0.0726837664441627
355,-422.392487246709,10.1342411640904,-0.997361903232855,0.0725894894577464
356,-421.867343437934,10.2433483852881,-0.997365559704433,0.0725392329395867
357,-421.364570199534,10.3550566335689,-0.997372050090833,0.0724499392519374
358,-420.958648936323,10.4368686690245,-0.997377739192082,0.0723715784275209
359,-420.306657932821,10.5675761194542,-0.997378981751675,0.0723544522471926
360,-419.789933486483,10.676183999672,-0.997373035411587,0.0724363736935815
361,-419.276018569418,10.7877974823652,-0.997367869382257,0.0725074694352109
362,-418.769400155815,10.8945311948824,-0.997355044229201,0.0726836690774992
363,-418.255506812608,10.995662827244,-0.99727069246162,0.0738320117369169
364,-417.748618879394,11.0959461118625,-0.997155732214448,0.0753687316588767
365,-417.238985383013,11.2010573867907,-0.997075633490044,0.0764210775926846
366,-416.730126760071,11.3149512348164,-0.99703448497361,0.0769560639157641
367,-416.243292039331,11.420687497995,-0.996978310265726,0.0776804277775149
368,-415.844069546717,11.5049037948065,-0.996930714620649,0.0782888896712798
369,-415.216940407145,11.6431209668395,-0.996881800560487,0.0789092878644905
370,-414.711092816711,11.7516030039482,-0.996836711523229,0.0794768554961479
371,-414.209069110159,11.8620705615311,-0.996787257822708,0.0800947104513557
372,-413.702672477871,11.9646245408755,-0.996793108088474,0.0800218699314176
373,-413.197849740968,12.0702596169476,-0.996791776994373,0.0800384489879785
374,-412.69372725952,12.1856575577969,-0.99679857702386,0.0799537168817568
375,-412.190039118191,12.3002807870707,-0.996799406124121,0.0799433796545989
376,-411.683861397235,12.4078964949544,-0.996803507333439,0.0798922259531868
377,-411.182340569085,12.5200088608295,-0.996818947939437,0.0796993414584688
378,-410.669141853957,12.6340855073675,-0.996828455154334,0.0795803430165028
379,-410.16737519554,12.7470322210045,-0.996835766941436,0.079488702003986
380,-409.668709680481,12.8541688882463,-0.996844302051155,0.0793815940136377
381,-409.168798348625,12.9622074177524,-0.9968553281829,0.0792430102492516
382,-408.666696444941,13.0769453068888,-0.99685995137489,0.0791848302697674
383,-408.176474273089,13.190186274925,-0.99686602648704,0.0791083133174996
384,-407.67830645339,13.2937661714321,-0.996875544915277,0.0789882772939691
385,-407.184963645191,13.3976709245943,-0.996878900131356,0.0789459211922787
386,-406.696060786372,13.5081234776462,-0.996878525211255,0.0789506553021182
387,-406.221678868388,13.6172339401632,-0.996884265194854,0.0788781453060158
388,-405.847795472435,13.700265162396,-0.996902413863421,0.0786484407555771
389,-405.247640179168,13.8260171601645,-0.996907759041397,0.0785806589630093
390,-404.787758326302,13.9209792865821,-0.996959412123035,0.0779225935097944
391,-404.34605810929,14.0246975927132,-0.997210259195427,0.0746438139124022
392,-403.946560572943,14.1187355683447,-0.997641855653996,0.0686347422756949
393,-403.586789137058,14.180808957528,-0.998054961342165,0.0623401487028161
394,-403.251563729567,14.244219884654,-0.99842062600321,0.05618054442028
395,-402.940609836093,14.3003669436031,-0.998727281793672,0.0504362627582961
396,-402.635380177705,14.3453079771829,-0.999013073815478,0.0444170951971183
397,-402.355554934545,14.3932897837115,-0.999278933003182,0.037968593021367
398,-402.148851961748,14.4175434867472,-0.999480243437521,0.0322372917298305
399,-401.793195678254,14.4518116749774,-0.999656303501325,0.026215927793356
400,-401.524817073713,14.4872600796129,-0.999812987181585,0.0193388382028197
401,-401.272804153953,14.5087469802895,-0.999941725084332,0.0107956674351489
402,-401.02305642069,14.5254411359361,-0.999999887889712,0.000473519337115256
403,-400.780665778184,14.5457575682186,0.999952173513305,0.00978011687138078
404,-400.535847820878,14.5564596944518,0.999794568133667,0.0202687328270284
405,-400.285790429744,14.5634295381041,0.999529658093004,0.0306669625571489
406,-400.036979681192,14.5704289092641,0.999149107630162,0.0412439173921654
407,-399.79099119438,14.57165592996,0.998649890852745,0.0519460826222835
408,-399.583463490107,14.565469761652,0.998057926404817,0.0622926604064719
409,-399.265954361939,14.5602553053158,0.997342203315901,0.0728596560860961
410,-398.999470139276,14.5427719999756,0.996528935709409,0.0832471038167209
411,-398.741842681758,14.5178235827657,0.99560539405759,0.0936477406210695
412,-398.478712981198,14.4807524519082,0.994590522403868,0.103873445809796
413,-398.219787976959,14.4373648916247,0.993473748891873,0.114060993607486
414,-397.959128289168,14.3940394462677,0.992257545474289,0.124197276336236
415,-397.693829178682,14.3422144344525,0.990918870308975,0.134461118787492
416,-397.424340934107,14.2933204006021,0.989384837660106,0.145319107512696
417,-397.121322949727,14.2208084746573,0.987765989433178,0.155943419608187
418,-396.952481191924,14.1815291464813,0.986302546438607,0.164946315171695
419,-396.633586042136,14.0994205679115,0.984699849939329,0.174259018502521
420,-396.368612113631,14.0233340831888,0.982965988380107,0.183787555857079
421,-396.114521960365,13.9338049576939,0.981095493992825,0.193524240515173
422,-395.851161174458,13.8490446968592,0.979149891960688,0.203139087999757
423,-395.592676129571,13.773445151483,0.977104757965309,0.212758764711478
424,-395.340722045832,13.6885316234574,0.974917413076758,0.222566928539983
425,-395.089877775053,13.5870088408665,0.972565964649605,0.232627264965186
426,-394.840567627524,13.4762869800287,0.970095805626003,0.242722326758039
427,-394.556355360182,13.3471723115234,0.967342488603353,0.25347289745192
428,-394.411844050931,13.2740650074647,0.964740570911989,0.263202642153168
429,-394.114114789885,13.1182586582091,0.961628741664741,0.274354083629691
430,-393.882906759079,12.9940249439718,0.958366530609979,0.285540877995764
431,-393.652030957278,12.8702468049032,0.954715171931682,0.297521327779133
432,-393.425051453865,12.7533207363586,0.950864275510188,0.309608025668724
433,-393.210273459864,12.6178389883003,0.946777268674326,0.321889427477173
434,-392.989101414808,12.4694531027845,0.942530244374152,0.334120844066934
435,-392.769812141733,12.3211627982724,0.937918886707078,0.346854669794362
436,-392.556370764776,12.166520100059,0.933046994193514,0.359754508834078
437,-392.3057655937,11.9727593425408,0.92760331439629,0.373566715756392
438,-392.175166481967,11.8688322473488,0.922368812301625,0.386310463349479
439,-391.919417813915,11.6434394733623,0.916500606675978,0.400033296067421
440,-391.721997563498,11.4436796283862,0.910313324946923,0.413919859905366
441,-391.530127115282,11.2453774555387,0.90395846150158,0.427620275337472
442,-391.339556938687,11.0427760106042,0.897291302364164,0.441438918426572
443,-391.154331217821,10.8297054422755,0.890549589470402,0.454886171139658
444,-390.97081550018,10.6249454132694,0.883392730151368,0.468633422106993
445,-390.789531177261,10.4212764097672,0.87628407141816,0.48179479675357
446,-390.627306969359,10.1998048138514,0.86890269165326,0.494982941562353
447,-390.448974157253,9.9403721448192,0.860638464525573,0.509216489696733
448,-390.364067437949,9.81228129520409,0.853288433958314,0.521439208799039
449,-390.185869333364,9.52140712023698,0.845344686182169,0.534221266465094
450,-390.043452798404,9.2792524684927,0.836925939501296,0.547316153415805
451,-389.912562046862,9.03076885692195,0.828099929252586,0.560580509090231
452,-389.783282337836,8.78132007252225,0.819305949418637,0.573356574260055
453,-389.662856183536,8.53201038093428,0.810411366693758,0.585861260652687
454,-389.556991885027,8.26925583396509,0.801218703959792,0.598371613986653
455,-389.463750824131,8.01241162164784,0.792170638387102,0.610299663835211
456,-389.379683621538,7.7433585092189,0.782784522372379,0.622292850299798
457,-389.28939638493,7.43956442495167,0.772209547849278,0.635367936089328
458,-389.246936938777,7.28475113160552,0.763185488629064,0.646179471931766
459,-389.160298158966,6.95622104107409,0.752965308314954,0.658060213410723
460,-389.108151806129,6.68300357858525,0.742837924072607,0.66947129778617
461,-389.061437628901,6.39438175081277,0.732420423174273,0.680852644642891
462,-388.99103214463,6.12451879367822,0.721923592647891,0.691972778639711
463,-388.951837345108,5.85221548906791,0.71108155496098,0.703109537834806
464,-388.931610732381,5.57416268277197,0.700167162455153,0.713978952504554
465,-388.910418462366,5.30216527895689,0.688930905215348,0.724827019252981
466,-388.906554317374,5.03207899206868,0.677426485565752,0.73559048162278
467,-388.911536162314,4.71293534843562,0.665158848353568,0.746701885933707
468,-388.919374277146,4.54714913107768,0.654532523910533,0.756033845236645
469,-388.943251713538,4.19230963142521,0.642603174609476,0.766199164696636
470,-388.974911728592,3.91186451713911,0.630437057909982,0.77624037257399
471,-389.008942996632,3.634175353878,0.618244245895339,0.785986038309398
472,-389.057824426478,3.35671451289539,0.605566714526237,0.795794542741968
473,-389.107262307318,3.0782664836206,0.59291656867325,0.805263896243175
474,-389.171509923984,2.80707418580884,0.580293485699859,0.814407435166396
475,-389.239602756328,2.53290492882842,0.567301399711905,0.823510243946554
476,-389.318375288561,2.26455127821495,0.5542757710406,0.832333088154825
477,-389.426983756226,1.96151618685258,0.540695656166679,0.84121828760583
478,-389.498664269152,1.78684856441688,0.528088768893148,0.849189173370056
479,-389.620108489237,1.4819028724097,0.514795626823782,0.857312931550148
480,-389.72366351365,1.22049561133199,0.500916111133401,0.865495840317555
481,-389.836077578121,0.972000753761869,0.487676654537762,0.873024329912321
482,-389.971253391082,0.724988484246474,0.473980351009656,0.880535420557721
483,-390.106950599583,0.480854968182201,0.460189974234215,0.887820470373551
484,-390.246081173321,0.247883908536333,0.446580354759386,0.894743531266352
485,-390.404491864556,0.017332192667159,0.432706416546406,0.901534889552017
486,-390.555932651546,-0.212899324334764,0.418450392005473,0.908239654183006
487,-390.745743769816,-0.470153244796462,0.40300665343341,0.915197048338992
488,-390.849780807236,-0.589370388068373,0.390182463347557,0.920737555059004
