3.160000000000000000e+02,-1.382791894368719568e+03,-2.654421965854656378e+02,-4.811803157667946529e-01,8.766216422827853849e-01
3.170000000000000000e+02,-1.384108156964063483e+03,-2.634693414187398730e+02,-5.003747065435124597e-01,8.658089587498467576e-01
3.180000000000000000e+02,-1.385204426471440911e+03,-2.614917120029655280e+02,-5.513065873921066951e-01,8.343027308465851277e-01
3.190000000000000000e+02,-1.386356499137747051e+03,-2.585669480652667858e+02,-5.997970652021155091e-01,8.001521608887456338e-01
3.200000000000000000e+02,-1.387445133488505689e+03,-2.549521070873456949e+02,-6.105775970422252508e-01,7.919564369270206683e-01
3.210000000000000000e+02,-1.388468014566159582e+03,-2.513081807027894286e+02,-6.247499702203893612e-01,7.808248681424168058e-01
3.220000000000000000e+02,-1.389248495236682174e+03,-2.480377963094797451e+02,-6.377136255258285535e-01,7.702735435017246113e-01
3.230000000000000000e+02,-1.389636550340987469e+03,-2.460668085084016639e+02,-6.598064029960158949e-01,7.514356330155358421e-01
3.240000000000000000e+02,-1.389877072221606113e+03,-2.444775126911185907e+02,-6.654521671820747830e-01,7.464404954131842462e-01
3.250000000000000000e+02,-1.389935585088017888e+03,-2.440277863424318809e+02,-6.654888255439114220e-01,7.464078128450863936e-01
3.260000000000000000e+02,-1.389936199548051263e+03,-2.440644628242362444e+02,-6.653182588805399700e-01,7.465598531934106719e-01
3.270000000000000000e+02,-1.389937026169249293e+03,-2.440478994116990066e+02,-6.665200534009468880e-01,7.454871014406613261e-01
3.280000000000000000e+02,-1.389940631142161465e+03,-2.440272827865958618e+02,-6.670959548225730007e-01,7.449718028619335408e-01
3.290000000000000000e+02,-1.389940250488620222e+03,-2.440292964098954371e+02,-6.672665171518826766e-01,7.448190351273229481e-01
3.300000000000000000e+02,-1.389939055093206207e+03,-2.440279753317015263e+02,-6.675381283085811690e-01,7.445756155383254082e-01
3.310000000000000000e+02,-1.389939459209143024e+03,-2.440250812673225198e+02,-6.678764451576166827e-01,7.442721639317334548e-01
3.320000000000000000e+02,-1.389938824959302337e+03,-2.440286394785556183e+02,-6.670327590135134432e-01,7.450283876489673940e-01
3.330000000000000000e+02,-1.389941298702021186e+03,-2.440304741846563559e+02,-6.671963274767208629e-01,7.448819105076832647e-01
3.340000000000000000e+02,-1.389933137989746228e+03,-2.440321837111233663e+02,-6.674664356096995377e-01,7.446398843296555548e-01
3.350000000000000000e+02,-1.389933936775143593e+03,-2.440313288299994667e+02,-6.676231326914260356e-01,7.444993973773831319e-01
3.360000000000000000e+02,-1.389936204242902249e+03,-2.440077398321653561e+02,-6.676601775129046290e-01,7.444661761043523951e-01
3.370000000000000000e+02,-1.390115104449952469e+03,-2.426677183639200734e+02,-6.718515576674723988e-01,7.406858203447606037e-01
3.380000000000000000e+02,-1.390477244666834395e+03,-2.396177566498043063e+02,-6.803592421307715910e-01,7.328787769114630812e-01
3.390000000000000000e+02,-1.390619310518957036e+03,-2.382995348217044125e+02,-6.829188347765595690e-01,7.304942608312717800e-01
3.400000000000000000e+02,-1.390780040650895444e+03,-2.363640155679696591e+02,-6.960869099832910356e-01,7.179575292104078965e-01
3.410000000000000000e+02,-1.390881128177792561e+03,-2.325776914065675669e+02,-7.257702433345082360e-01,6.879371729236388733e-01
3.420000000000000000e+02,-1.390613485464166843e+03,-2.281924436891269465e+02,-7.516823879823791854e-01,6.595252744187350968e-01
3.430000000000000000e+02,-1.389888417338989029e+03,-2.229734902547560580e+02,-7.724704843217669037e-01,6.350506679405155674e-01
3.440000000000000000e+02,-1.388986913437678140e+03,-2.173879405366187996e+02,-7.732760124704630700e-01,6.340695612768209033e-01
3.450000000000000000e+02,-1.388164057876598008e+03,-2.112514751803310844e+02,-7.367960621624182194e-01,6.761150514386985444e-01
3.460000000000000000e+02,-1.388051005296955964e+03,-2.049882047261812374e+02,-7.081752930295613924e-01,7.060366522656559285e-01
3.470000000000000000e+02,-1.388327601973393712e+03,-1.987548036061351695e+02,-6.970968332296161307e-01,7.169769906358506306e-01
3.480000000000000000e+02,-1.388864849495317458e+03,-1.926234047359186832e+02,-6.742454448400330147e-01,7.385073324703459452e-01
3.490000000000000000e+02,-1.389511190681321978e+03,-1.871306321998325757e+02,-6.934977634516897860e-01,7.204587788954369687e-01
3.500000000000000000e+02,-1.389504911457988783e+03,-1.813241121193215406e+02,-7.428367564969364789e-01,6.694725933129085371e-01
3.510000000000000000e+02,-1.388780344613297530e+03,-1.744883100794666859e+02,-7.682267077679868494e-01,6.401778858035945818e-01
3.520000000000000000e+02,-1.387299062681519445e+03,-1.682884363759184509e+02,-8.200834751082916041e-01,5.722439111552941604e-01
3.530000000000000000e+02,-1.384813699832117436e+03,-1.622589650304207680e+02,-8.616516153641416986e-01,5.075002401382340267e-01
3.540000000000000000e+02,-1.380991396227068890e+03,-1.561449113851476511e+02,-9.024707708806332107e-01,4.307510971618246365e-01
3.550000000000000000e+02,-1.375951164717388338e+03,-1.504275701757219110e+02,-9.313027608922608280e-01,3.642460261340573213e-01
3.560000000000000000e+02,-1.370110299371442807e+03,-1.453689543823794850e+02,-9.574639163175205914e-01,2.885530262359344289e-01
3.570000000000000000e+02,-1.364150669585433434e+03,-1.416585208346357092e+02,-9.761106800036906117e-01,2.172738833425053862e-01
3.580000000000000000e+02,-1.358583319091503881e+03,-1.391847493324796403e+02,-9.865910558946096032e-01,1.632117901034093321e-01
3.590000000000000000e+02,-1.352976883907362435e+03,-1.372961397815403473e+02,-9.942953702450629816e-01,1.066616927918973418e-01
3.600000000000000000e+02,-1.347804074199954130e+03,-1.372176432603124567e+02,9.850733106727890265e-01,1.721353322248249107e-01
3.610000000000000000e+02,-1.344422454835751296e+03,-1.389401512421567872e+02,9.364317726298149180e-01,3.508497330900831046e-01
3.620000000000000000e+02,-1.340676018764799892e+03,-1.431381770469322419e+02,8.725654562442194395e-01,4.884972104007526683e-01
3.630000000000000000e+02,-1.337884802295800455e+03,-1.473126681596000651e+02,8.870826675452171406e-01,4.616105944850720788e-01
3.640000000000000000e+02,-1.335317171323227967e+03,-1.502952352029459746e+02,9.192617406214078635e-01,3.936468623394571154e-01
3.650000000000000000e+02,-1.332589888311726554e+03,-1.525729807234163786e+02,9.564972902051227521e-01,2.917412103736067852e-01
3.660000000000000000e+02,-1.329813747899752570e+03,-1.540487990075270375e+02,9.785049922065169881e-01,2.062231321334348777e-01
3.670000000000000000e+02,-1.326150094241137822e+03,-1.552141926391174707e+02,9.922657113670944051e-01,1.241320186138696879e-01
3.680000000000000000e+02,-1.321037431949810980e+03,-1.559498813837583384e+02,9.989869347361729490e-01,4.500115805649026329e-02
3.690000000000000000e+02,-1.315723632792005901e+03,-1.562225191007150329e+02,9.996945806708713578e-01,2.471326318580021122e-02
3.700000000000000000e+02,-1.310747720652195994e+03,-1.563185083716855672e+02,9.997676607574470520e-01,2.155515027974263392e-02
3.710000000000000000e+02,-1.306291895463336232e+03,-1.563717494139579003e+02,9.997469561438343533e-01,2.249497012974645965e-02
3.720000000000000000e+02,-1.301655805012760766e+03,-1.564817777322352583e+02,9.997582820503784218e-01,2.198584707660754603e-02
3.730000000000000000e+02,-1.296734653388076822e+03,-1.564884026490990436e+02,9.999828839899452815e-01,5.850788592288339897e-03
3.740000000000000000e+02,-1.290767269733458306e+03,-1.564099990024856197e+02,-9.999994016564855981e-01,1.093931748689372895e-03
3.750000000000000000e+02,-1.284435630974671540e+03,-1.562852555699397215e+02,9.999859000820335853e-01,5.310333052194570261e-03
3.760000000000000000e+02,-1.278945564163968584e+03,-1.562461771701273676e+02,9.999300330505657142e-01,1.182915903580927276e-02
3.770000000000000000e+02,-1.273546509137002431e+03,-1.562529974324029638e+02,9.999908575861364834e-01,4.276066433450169228e-03
3.780000000000000000e+02,-1.271258149020804240e+03,-1.562433105823090216e+02,9.999826874487920403e-01,5.884284382271392534e-03
3.790000000000000000e+02,-1.271464156910574957e+03,-1.562433682236571713e+02,9.999853661328816923e-01,5.409946403295978756e-03
3.800000000000000000e+02,-1.271438720376447236e+03,-1.562424686688418944e+02,9.999870741947980424e-01,5.084431465504715870e-03
3.810000000000000000e+02,-1.271382213219427740e+03,-1.562459166677083999e+02,9.999806034900863283e-01,6.228374073760649561e-03
3.820000000000000000e+02,-1.271377856472469148e+03,-1.562422680208612746e+02,9.999667637038348600e-01,8.153004825142688705e-03
3.830000000000000000e+02,-1.271371188924516673e+03,-1.562429666006668754e+02,9.999633752010262944e-01,8.558519531519554607e-03
3.840000000000000000e+02,-1.271374464365940185e+03,-1.562422482385792364e+02,9.999658421838775180e-01,8.265256528902684141e-03
3.850000000000000000e+02,-1.271377135066196615e+03,-1.562463472627293584e+02,9.999617072833464348e-01,8.751226598313099556e-03
3.860000000000000000e+02,-1.271373148649937093e+03,-1.562424192044843210e+02,9.999614273806742837e-01,8.783151530311058414e-03
3.870000000000000000e+02,-1.271375429115377301e+03,-1.562445556286325257e+02,9.999595296491948782e-01,8.996614016442342279e-03
3.880000000000000000e+02,-1.271378144764112449e+03,-1.562451982442026406e+02,9.999592213319442591e-01,9.030817970251214452e-03
3.890000000000000000e+02,-1.271376625766826237e+03,-1.562438143871584657e+02,9.999577891554377596e-01,9.188030657827269895e-03
3.900000000000000000e+02,-1.271379287228286785e+03,-1.562422314998714512e+02,9.999583346642192394e-01,9.128468412675188118e-03
3.910000000000000000e+02,-1.271378068262005399e+03,-1.562449159947605324e+02,9.999587321591952849e-01,9.084821328714364624e-03
3.920000000000000000e+02,-1.271376824324921017e+03,-1.562436341306402312e+02,9.999578432389736315e-01,9.182142716177947583e-03
3.930000000000000000e+02,-1.271377833071634996e+03,-1.562391192831590274e+02,9.999591383833420499e-01,9.039997989174897511e-03
3.940000000000000000e+02,-1.271374783882004294e+03,-1.562382941206179510e+02,9.999598850979949383e-01,8.957019303584447603e-03
3.950000000000000000e+02,-1.271373879830646956e+03,-1.562405351785363621e+02,9.999608062530639385e-01,8.853584456158646726e-03
3.960000000000000000e+02,-1.271375910921079367e+03,-1.562482258335565461e+02,9.999612805356512535e-01,8.799853947688106651e-03
3.970000000000000000e+02,-1.271377901000090333e+03,-1.562372812740877066e+02,9.999617787847121519e-01,8.743052654211451793e-03
3.980000000000000000e+02,-1.271375691632710868e+03,-1.562359537421442610e+02,9.999624668524812465e-01,8.663999440231611934e-03
3.990000000000000000e+02,-1.271377715341875728e+03,-1.562428395093181450e+02,9.999622670650959444e-01,8.687027456715271448e-03
4.000000000000000000e+02,-1.271384024532356534e+03,-1.562437435879382974e+02,9.999614962733146539e-01,8.775304600620002782e-03
4.010000000000000000e+02,-1.270779229839930167e+03,-1.562309909687074878e+02,9.999519655028860088e-01,9.801361482728096833e-03
4.020000000000000000e+02,-1.268050150142870507e+03,-1.562401477238727239e+02,9.997851225153795429e-01,2.072941863409202487e-02
4.030000000000000000e+02,-1.263310074441657207e+03,-1.563291099331467251e+02,9.996653685525950239e-01,2.586795153475515349e-02
4.040000000000000000e+02,-1.256683897216268861e+03,-1.565312606053670663e+02,9.994674940060797041e-01,3.263017660398140340e-02
4.050000000000000000e+02,-1.248459010250443498e+03,-1.567377899457062256e+02,9.996309988321953055e-01,2.716369219652523676e-02
4.060000000000000000e+02,-1.241268529814002704e+03,-1.569024660330472614e+02,9.998010706701553341e-01,1.994540264850518455e-02
4.070000000000000000e+02,-1.234297259957361803e+03,-1.569139905749280217e+02,9.998897460077406096e-01,1.484910194510319879e-02
4.080000000000000000e+02,-1.227482914907578106e+03,-1.569692969223052046e+02,9.997439069780604814e-01,2.263007866188717840e-02
4.090000000000000000e+02,-1.219993364523846139e+03,-1.571505300782168320e+02,9.990710580372792471e-01,4.309316642196651254e-02
4.100000000000000000e+02,-1.213265874430904660e+03,-1.577814779221934032e+02,9.952420597283636594e-01,9.743327228233776560e-02
4.110000000000000000e+02,-1.206792679996864763e+03,-1.593347096104823493e+02,9.830835164093928435e-01,1.831578547705315363e-01
4.120000000000000000e+02,-1.200729989199721558e+03,-1.617130013964865896e+02,9.795849820027400234e-01,2.010305027469501682e-01
4.130000000000000000e+02,-1.195313966751971520e+03,-1.631568246800512725e+02,9.989582876099388775e-01,4.563265952603015596e-02
4.140000000000000000e+02,-1.190569257121946521e+03,-1.625601079935057101e+02,-9.912281820111593644e-01,1.321616101099404306e-01
4.150000000000000000e+02,-1.184813613321666253e+03,-1.607668641132092091e+02,-9.906204585945169727e-01,1.366422592538226177e-01
4.160000000000000000e+02,-1.177309319310685623e+03,-1.589110399123951538e+02,-9.975461570600937522e-01,7.001188852358371240e-02
4.170000000000000000e+02,-1.169125223124674449e+03,-1.581272499137432135e+02,-9.998123671857495065e-01,1.937086529889653699e-02
4.180000000000000000e+02,-1.160313338581780044e+03,-1.578085449651534020e+02,9.999969262224546185e-01,2.479424457928676353e-03
4.190000000000000000e+02,-1.150701806706648313e+03,-1.575018030148418688e+02,-9.996810218929732539e-01,2.525578086341125073e-02
4.200000000000000000e+02,-1.140701615514805098e+03,-1.564926588255045772e+02,-9.985863848813285593e-01,5.315291082941032280e-02
4.210000000000000000e+02,-1.130225676685073722e+03,-1.549408936256028255e+02,-9.969218747102108757e-01,7.840137578052212841e-02
4.220000000000000000e+02,-1.119787757741305995e+03,-1.526406504398902655e+02,-9.931440231684678377e-01,1.168971738099334468e-01
4.230000000000000000e+02,-1.109127226752376373e+03,-1.493559175926404805e+02,-9.880150144837765991e-01,1.543578023768888974e-01
4.240000000000000000e+02,-1.098505435998645680e+03,-1.455982664394258563e+02,-9.871800549405853609e-01,1.596105858879756922e-01
4.250000000000000000e+02,-1.087943109197565263e+03,-1.418014204742178492e+02,-9.867825912968248847e-01,1.620497377767809721e-01
4.260000000000000000e+02,-1.077450259787098275e+03,-1.380587662094131645e+02,-9.881302902208611849e-01,1.536181289693268892e-01
4.270000000000000000e+02,-1.066907132628868567e+03,-1.344064400519743856e+02,-9.873714230379601053e-01,1.584224509594321650e-01
4.280000000000000000e+02,-1.056501589102515254e+03,-1.304278455272067561e+02,-9.846632693818684334e-01,1.744656009940355745e-01
4.290000000000000000e+02,-1.046149447945476595e+03,-1.263271123694054126e+02,-9.841978164190732237e-01,1.770724658322923306e-01
4.300000000000000000e+02,-1.035906390299393252e+03,-1.219115300635980645e+02,-9.768953645306468481e-01,2.137181479391366268e-01
4.310000000000000000e+02,-1.025958474671894919e+03,-1.168371413963069188e+02,-9.710535704973877191e-01,2.388618077974688503e-01
4.320000000000000000e+02,-1.016283089517598796e+03,-1.111304142960843535e+02,-9.652089647487274160e-01,2.614797398818689556e-01
4.330000000000000000e+02,-1.006660931030159304e+03,-1.047640630599158413e+02,-9.535137877479744617e-01,3.013493928557192669e-01
4.340000000000000000e+02,-9.978332879838625331e+02,-9.770169014175870359e+01,-9.415940258071926472e-01,3.367501901472421122e-01
4.350000000000000000e+02,-9.893866274679411390e+02,-9.003965474452101603e+01,-9.330283196983883975e-01,3.598029386216877734e-01
4.360000000000000000e+02,-9.814362284292212735e+02,-8.187882788976972392e+01,-9.170802201304630863e-01,3.987027336819518042e-01
4.370000000000000000e+02,-9.740517900943874565e+02,-7.330942061636163487e+01,-9.065671249649315255e-01,4.220616636616243977e-01
4.380000000000000000e+02,-9.672113769113996113e+02,-6.434935955587002354e+01,-8.986689294754116597e-01,4.386275814350000246e-01
4.390000000000000000e+02,-9.605867146846576361e+02,-5.526984432403887126e+01,-8.935863860570010253e-01,4.488912681859476006e-01
4.400000000000000000e+02,-9.540894360593454167e+02,-4.607839509992166427e+01,-8.923610425557606529e-01,4.513222459936979125e-01
4.410000000000000000e+02,-9.476931174098849624e+02,-3.687417364548947774e+01,-8.905790259160225597e-01,4.548285375814366538e-01
4.420000000000000000e+02,-9.415456128539995007e+02,-2.797175683595501283e+01,-8.943138220579934794e-01,4.474402615724512589e-01
4.430000000000000000e+02,-9.358178236441847275e+02,-1.998700491046543348e+01,-8.947138305698172367e-01,4.466398564694873952e-01
4.440000000000000000e+02,-9.311111390020563476e+02,-1.292042379640320071e+01,-8.569036135764763751e-01,5.154766697335358971e-01
4.450000000000000000e+02,-9.286802487802632413e+02,-7.239511859169024177e+00,-8.246935126629132418e-01,5.655798884080880384e-01
4.460000000000000000e+02,-9.272382662521354177e+02,-2.108982967472339709e+00,-7.919114461053707865e-01,6.106359484400672999e-01
4.470000000000000000e+02,-9.257781236152993642e+02,5.211174518878568307e+00,-7.697030448620313381e-01,6.384020854681771162e-01
4.480000000000000000e+02,-9.242056803147098663e+02,1.249967807864791425e+01,-8.211185829525724511e-01,5.707576304614414564e-01
4.490000000000000000e+02,-9.216957674650461740e+02,1.776399309061637055e+01,-8.922293928795386186e-01,4.515824514768149722e-01
4.500000000000000000e+02,-9.180787423259874913e+02,2.139920240341909619e+01,-9.678150162738521356e-01,2.516626596752947753e-01
4.510000000000000000e+02,-9.125733286328056693e+02,2.312941408419495914e+01,9.996883411785183471e-01,2.496438486609057691e-02
4.520000000000000000e+02,-9.075604741179131452e+02,2.167574542148392425e+01,9.501771998792585272e-01,3.117102642352534980e-01
4.530000000000000000e+02,-9.027903117670163056e+02,1.722484922194558976e+01,8.972014520073964272e-01,4.416215059480455563e-01
4.540000000000000000e+02,-8.978258745525998847e+02,1.027014703291487940e+01,8.719246023301319148e-01,4.896401615997622581e-01
4.550000000000000000e+02,-8.916874886132734446e+02,1.627612957458475007e+00,8.928250114131177639e-01,4.504037066845322790e-01
4.560000000000000000e+02,-8.836910390447885675e+02,-6.700270015803812207e+00,9.313609746204778439e-01,3.640971504337732201e-01
4.570000000000000000e+02,-8.747117967204359275e+02,-1.387190926434188754e+01,9.489172390700894022e-01,3.155250757001713535e-01
4.580000000000000000e+02,-8.654905421857423562e+02,-2.038827205981436563e+01,9.488210569265940197e-01,3.158141889350460363e-01
4.590000000000000000e+02,-8.561839556139753995e+02,-2.703814380030741304e+01,9.486751866887080942e-01,3.162520990620374950e-01
4.600000000000000000e+02,-8.468861401094859502e+02,-3.366566704778283992e+01,9.485063367006465462e-01,3.167581557572269335e-01
4.610000000000000000e+02,-8.376747706603455299e+02,-4.023968534302625955e+01,9.488152878848377103e-01,3.158315207131999758e-01
4.620000000000000000e+02,-8.284731279898071534e+02,-4.676042434007692350e+01,9.489918432661662573e-01,3.153006207007594819e-01
4.630000000000000000e+02,-8.192757830628800093e+02,-5.328786099708298707e+01,9.488961064511350907e-01,3.155886233086930837e-01
4.640000000000000000e+02,-8.100929461359557990e+02,-5.976315121571469291e+01,9.494188102196079448e-01,3.140126156720204342e-01
4.650000000000000000e+02,-8.009873214353921185e+02,-6.627622594944868695e+01,9.478772539293265353e-01,3.186357034034306146e-01
4.660000000000000000e+02,-7.918522256370099512e+02,-7.280800373586581031e+01,9.486711832286519597e-01,3.162641081620700123e-01
4.670000000000000000e+02,-7.827005908348821777e+02,-7.930719140403654421e+01,9.496735234804142278e-01,3.132414385107679666e-01
4.680000000000000000e+02,-7.735194575577164642e+02,-8.574522768362739100e+01,9.492934681697250410e-01,3.143913346297813605e-01
4.690000000000000000e+02,-7.643728457304683843e+02,-9.212921992562013429e+01,9.506622247797307246e-01,3.102278749191514362e-01
4.700000000000000000e+02,-7.549981659663304754e+02,-9.840180625332126851e+01,9.602749929174412280e-01,2.790554388959443077e-01
4.710000000000000000e+02,-7.451831605518476636e+02,-1.038535616061489009e+02,9.704205571519785023e-01,2.414206748744679720e-01
4.720000000000000000e+02,-7.349334727201807027e+02,-1.084204066333192884e+02,9.794437508703854878e-01,2.017174729193041971e-01
4.730000000000000000e+02,-7.243199678037899503e+02,-1.121535635151379893e+02,9.878803594814280498e-01,1.552172521044117848e-01
4.740000000000000000e+02,-7.134567192733102274e+02,-1.149469542861553322e+02,9.918958325951539035e-01,1.270537574429280170e-01
4.750000000000000000e+02,-7.024397733393969929e+02,-1.171354681848734458e+02,9.965179735826491525e-01,8.337822453572997505e-02
4.760000000000000000e+02,-6.912867932449038335e+02,-1.182469660944973384e+02,9.993095739324586724e-01,3.715340424413176440e-02
4.770000000000000000e+02,-6.800565930973884861e+02,-1.184000201999529196e+02,-9.999821657682342879e-01,5.972281429377851274e-03
4.780000000000000000e+02,-6.688367220865075069e+02,-1.176109133218685514e+02,-9.990834582341847625e-01,4.280471332484354213e-02
4.790000000000000000e+02,-6.577628386654625956e+02,-1.159254853501358724e+02,-9.957712372424450953e-01,9.186753006721203041e-02
4.800000000000000000e+02,-6.468678555632363896e+02,-1.133175933879932131e+02,-9.923855467175529688e-01,1.231703156856533143e-01
4.810000000000000000e+02,-6.361867017203101113e+02,-1.099643299668751268e+02,-9.880899683576285231e-01,1.538772706770581145e-01
4.820000000000000000e+02,-6.257065763281602813e+02,-1.059597887593072727e+02,-9.785324830598599588e-01,2.060926480898938040e-01
4.830000000000000000e+02,-6.154523305883307103e+02,-1.005640695094739812e+02,-9.702266427108708902e-01,2.421988063017489756e-01
4.840000000000000000e+02,-6.057062936109448401e+02,-9.446514233967400287e+01,-9.584145437152827851e-01,2.853796811180262516e-01
4.850000000000000000e+02,-5.965255386717144575e+02,-8.795757388305945312e+01,-9.537274246281205459e-01,3.006725785837687237e-01
4.860000000000000000e+02,-5.876037247678209496e+02,-8.115279219858153681e+01,-9.498606266885624150e-01,3.126736155591184341e-01
4.870000000000000000e+02,-5.787434411081356984e+02,-7.423379836676754451e+01,-9.527196648255041866e-01,3.038506874350936360e-01
4.880000000000000000e+02,-5.696682470582277347e+02,-6.761961557799942568e+01,-9.539497509594759839e-01,2.999664525315353658e-01
4.890000000000000000e+02,-5.613103351803548549e+02,-6.222021748365598626e+01,-9.698082827543220708e-01,2.438686013022438870e-01
4.900000000000000000e+02,-5.538203768094083443e+02,-5.879752273658622386e+01,-9.907778826756168389e-01,1.354960781750585430e-01
4.910000000000000000e+02,-5.457215970844877120e+02,-5.686371397179829756e+01,-9.963106849988673241e-01,8.581968863313235718e-02
4.920000000000000000e+02,-5.380224240379343428e+02,-5.523278483945680506e+01,-9.907519207663246785e-01,1.356857822243668632e-01
4.930000000000000000e+02,-5.327264810616101158e+02,-5.319415833134874561e+01,-9.796779682065401840e-01,2.005768645948610984e-01
4.940000000000000000e+02,-5.275922868088765654e+02,-5.041869032720821053e+01,-9.581583413104142188e-01,2.862386993005589519e-01
4.950000000000000000e+02,-5.212821148160804796e+02,-4.530604584924904543e+01,-9.418584349075572737e-01,3.360099531166995668e-01
4.960000000000000000e+02,-5.148572150747081650e+02,-3.982918336571378148e+01,-9.570264753481194653e-01,2.900005611766214297e-01
4.970000000000000000e+02,-5.089023109077079994e+02,-3.692060490736389511e+01,-9.939554161844207369e-01,1.097844735727913912e-01
4.980000000000000000e+02,-5.024581279767553497e+02,-3.619735220781410590e+01,9.997455669266016587e-01,2.255662675596201150e-02
4.990000000000000000e+02,-4.939873620640153149e+02,-3.660646082702256621e+01,9.985341995244999547e-01,5.412441574711179815e-02
5.000000000000000000e+02,-4.853139520177448958e+02,-3.727995768239223651e+01,9.988917941427676306e-01,4.706573694570855004e-02
5.010000000000000000e+02,-4.767960335319266392e+02,-3.750070593348812764e+01,9.999094896148073008e-01,1.345409150614262916e-02
5.020000000000000000e+02,-4.688649141158905991e+02,-3.713285502438395724e+01,-9.996697674965258074e-01,2.569739195797799206e-02
5.030000000000000000e+02,-4.608711883224980284e+02,-3.625288594099842499e+01,-9.985466423529147928e-01,5.389436933224159981e-02
5.040000000000000000e+02,-4.531208811164753456e+02,-3.522915173849921899e+01,-9.985743784811594859e-01,5.337799772346329269e-02
5.050000000000000000e+02,-4.451968918853663695e+02,-3.417340602267351812e+01,-9.985886315941444602e-01,5.311068490364252714e-02
5.060000000000000000e+02,-4.372451678111581259e+02,-3.327627972960511471e+01,-9.994244621864687428e-01,3.392262347295094127e-02
5.070000000000000000e+02,-4.291565139622196057e+02,-3.258288955083398264e+01,-9.997484899205097975e-01,2.242670064142856037e-02
5.080000000000000000e+02,-4.211711556595230377e+02,-3.212931483025619173e+01,-9.999674222465361195e-01,8.071830375934001267e-03
5.090000000000000000e+02,-4.129364568540488563e+02,-3.179068948735727673e+01,-9.999755955398155205e-01,6.986295498422397977e-03
5.100000000000000000e+02,-4.047273087338092523e+02,-3.157770804555632083e+01,9.999999003759896254e-01,4.463720542355563143e-04
5.110000000000000000e+02,-3.959994547256601436e+02,-3.154629854938823286e+01,9.999181601707394229e-01,1.279347336587658736e-02
5.120000000000000000e+02,-3.868262038137931995e+02,-3.151344993669882655e+01,9.999479841232822297e-01,1.019946311253733251e-02
5.130000000000000000e+02,-3.771176795206328052e+02,-3.148252839906395550e+01,9.999631618222305507e-01,8.583414150996088177e-03
5.140000000000000000e+02,-3.667603862337645069e+02,-3.145115627093089827e+01,9.997919622815744090e-01,2.039686635635264145e-02
5.150000000000000000e+02,-3.560639224500462774e+02,-3.161410535698768953e+01,9.997931597072040599e-01,2.033808748838465685e-02
5.160000000000000000e+02,-3.447572317302438591e+02,-3.177077752862252780e+01,9.998298359434184546e-01,1.844719917377647331e-02
5.170000000000000000e+02,-3.335234526795021566e+02,-3.182721730119085990e+01,9.998614160473656698e-01,1.664778362895887043e-02
5.180000000000000000e+02,-3.222755387392401758e+02,-3.189782588480602143e+01,9.998965460153375062e-01,1.438392389433524460e-02
5.190000000000000000e+02,-3.110193212211017340e+02,-3.187245695675815327e+01,9.999367947046416960e-01,1.124306878958193992e-02
5.200000000000000000e+02,-2.997976533572247604e+02,-3.181045628845163975e+01,9.998261176665376171e-01,1.864763877435421033e-02
5.210000000000000000e+02,-2.885973825617049329e+02,-3.194966802433123121e+01,9.998381133665523723e-01,1.799297250631986742e-02
5.220000000000000000e+02,-2.773833877898139235e+02,-3.202993736821856174e+01,9.998759789205498016e-01,1.574886591701716437e-02
5.230000000000000000e+02,-2.661731051775373658e+02,-3.208238375162359546e+01,9.999061873127671474e-01,1.369731994389476216e-02
5.240000000000000000e+02,-2.549539129071089008e+02,-3.204218230046269866e+01,9.999336391851268990e-01,1.152029626304597494e-02
5.250000000000000000e+02,-2.442150431963587209e+02,-3.181730164196423161e+01,-9.999116219495760571e-01,1.329467149530494732e-02
5.260000000000000000e+02,-2.356071683821099327e+02,-3.129963631835058280e+01,-9.998347493745172176e-01,1.817894230136594957e-02
5.270000000000000000e+02,-2.271345547846518116e+02,-3.072906182413703391e+01,-9.996356227357696689e-01,2.699299460360031835e-02
5.280000000000000000e+02,-2.182453332336658889e+02,-2.966567187372480774e+01,-9.974787840049894605e-01,7.096531166652958467e-02
5.290000000000000000e+02,-2.095073799881126888e+02,-2.793231321258918243e+01,-9.949549252179958891e-01,1.003229623987056535e-01
5.300000000000000000e+02,-2.004534982224137423e+02,-2.538831663672299044e+01,-9.838593493956636626e-01,1.789435123348747936e-01
5.310000000000000000e+02,-1.912938143912519990e+02,-2.099730932761875835e+01,-9.752646511568631160e-01,2.210404040076885956e-01
5.320000000000000000e+02,-1.829139158563062892e+02,-1.764931831971658482e+01,-9.895533546633999977e-01,1.441671192554368486e-01
5.330000000000000000e+02,-1.769730930089487231e+02,-1.638539312033893935e+01,-9.997224232068764316e-01,2.356006233801447025e-02
5.340000000000000000e+02,-1.696357064534565211e+02,-1.631625584371534643e+01,9.996360567553510545e-01,2.697691669951316623e-02
5.350000000000000000e+02,-1.616462985091608004e+02,-1.642356389949044271e+01,9.999703596071971567e-01,7.699344585920378514e-03
5.360000000000000000e+02,-1.538602718061597727e+02,-1.604860526470174875e+01,-9.990663889646227425e-01,4.320127823559252039e-02
5.370000000000000000e+02,-1.457606623735698292e+02,-1.482843732938984971e+01,-9.965031340913705904e-01,8.355539327940463001e-02
5.380000000000000000e+02,-1.375809751437471675e+02,-1.315138298848306597e+01,-9.936083965883116820e-01,1.128820367871009728e-01
5.390000000000000000e+02,-1.279975932499064299e+02,-1.058699755531870501e+01,-9.929235513549452552e-01,1.187552995225198138e-01
5.400000000000000000e+02,-1.181604022407113206e+02,-8.076699747101431015e+00,-9.943731886359191696e-01,1.059337610114672590e-01
5.410000000000000000e+02,-1.083121600566734628e+02,-5.687470758743048194e+00,-9.952713418092896669e-01,9.713370256062618668e-02
5.420000000000000000e+02,-9.840152910973640132e+01,-3.459017367904126061e+00,-9.950414087800805163e-01,9.946152428428188530e-02
5.430000000000000000e+02,-8.852848548033854570e+01,-1.126708635023094818e+00,-9.941049424902875797e-01,1.084221532546831984e-01
5.440000000000000000e+02,-7.833455614916977083e+01,1.348445018510562310e+00,-9.941616079271158313e-01,1.079013314272424945e-01
5.450000000000000000e+02,-6.847426263794247348e+01,3.856308487602139845e+00,-9.940470825220943940e-01,1.089513548759835915e-01
5.460000000000000000e+02,-5.912965915269823824e+01,6.132591781178688528e+00,-9.952355009726461255e-01,9.750024412136717999e-02
5.470000000000000000e+02,-5.027581808144297781e+01,8.107493928856277066e+00,-9.956887769933602250e-01,9.275699094659461963e-02
5.480000000000000000e+02,-4.039379908368203331e+01,1.027005969173520761e+01,-9.960893405954154289e-01,8.835171504951321031e-02
5.490000000000000000e+02,-2.957083789266374652e+01,1.259500707795502983e+01,-9.943060389408235888e-01,1.065621927599526703e-01
5.500000000000000000e+02,-1.895352853327007736e+01,1.544100359146204759e+01,-9.926723359899116694e-01,1.208372184400651611e-01
5.510000000000000000e+02,-7.981636107416725245e+00,1.842746334403427255e+01,-9.934169636330570929e-01,1.145545126395169366e-01
5.520000000000000000e+02,3.050696824199520929e+00,2.146334142235124176e+01,-9.920313119462285112e-01,1.259915716159006882e-01
5.530000000000000000e+02,1.396378018894017181e+01,2.466679458130218805e+01,-9.922445675842104240e-01,1.243009175333121968e-01
5.540000000000000000e+02,2.515177264428207238e+01,2.797188542316939319e+01,-9.906416269406124187e-01,1.364887063916146726e-01
5.550000000000000000e+02,3.583428391756605436e+01,3.155637792041680356e+01,-9.881260052970740615e-01,1.536456886985338999e-01
5.560000000000000000e+02,4.633651260314381659e+01,3.545512483185933661e+01,-9.857578305738823321e-01,1.681710422821747208e-01
5.570000000000000000e+02,5.680503714134029281e+01,3.960740450689409187e+01,-9.834958293307108912e-01,1.809307980668220239e-01
5.580000000000000000e+02,6.707042394429825549e+01,4.401071853938240963e+01,-9.811692232438742334e-01,1.931500850608471043e-01
5.590000000000000000e+02,7.706026459871647205e+01,4.848158920051981369e+01,-9.805558914876193466e-01,1.962400154630039306e-01
5.600000000000000000e+02,8.660826870127512223e+01,5.297210166263048592e+01,-9.745054904034793353e-01,2.243636538601436470e-01
5.610000000000000000e+02,9.529054679916028192e+01,5.810801312200639757e+01,-9.623264399799734692e-01,2.718967136900893866e-01
5.620000000000000000e+02,1.031227354195087145e+02,6.377997209863555383e+01,-9.433003052297478375e-01,3.319405581628503410e-01
5.630000000000000000e+02,1.101141467029462291e+02,7.017016031062610182e+01,-9.315699539147528352e-01,3.635621280651565312e-01
5.640000000000000000e+02,1.178081254259056863e+02,7.683824942669673419e+01,-9.661912725344208308e-01,2.578263463618806206e-01
5.650000000000000000e+02,1.266569660839207785e+02,8.123006291947970681e+01,-9.858975548611002004e-01,1.673499665936742375e-01
5.660000000000000000e+02,1.367531333269610059e+02,8.508533605922011134e+01,-9.829198065666369111e-01,1.840343822740880264e-01
5.670000000000000000e+02,1.455168697853193862e+02,8.934259215290884981e+01,-9.714507429903963542e-01,2.372413411347334966e-01
5.680000000000000000e+02,1.535105988556987597e+02,9.418434588053082734e+01,-9.573630523594306441e-01,2.888874970936508579e-01
5.690000000000000000e+02,1.612924409830406205e+02,9.990444281805982030e+01,-9.539555394186398640e-01,2.999480435216936303e-01
5.700000000000000000e+02,1.685613441991874311e+02,1.054307405434199438e+02,-9.466919647136495808e-01,3.221402240432108544e-01
5.710000000000000000e+02,1.747799628047681892e+02,1.106060029772533397e+02,-9.439243084846347109e-01,3.301619297432762945e-01
5.720000000000000000e+02,1.819998233662643372e+02,1.167312303783484140e+02,-9.394879868346832641e-01,3.425818480207524774e-01
5.730000000000000000e+02,1.903188962635764483e+02,1.241004674312663809e+02,-9.397563305624523355e-01,3.418450514016472264e-01
5.740000000000000000e+02,1.987705268173356785e+02,1.315614415928929191e+02,-9.339913414067532171e-01,3.572956397399970618e-01
5.750000000000000000e+02,2.068308602154459663e+02,1.394079276646208427e+02,-9.257898174097239918e-01,3.780386408562884659e-01
5.760000000000000000e+02,2.144683773251231855e+02,1.476566444588296463e+02,-9.189198193987263563e-01,3.944443756934709611e-01
5.770000000000000000e+02,2.219437961797915193e+02,1.560394232341969030e+02,-9.150883455894555096e-01,4.032534187906571810e-01
5.780000000000000000e+02,2.292174119967760930e+02,1.645623793878466472e+02,-9.125854072424055552e-01,4.088861387821954296e-01
5.790000000000000000e+02,2.362998655564222759e+02,1.732512873588994466e+02,-9.024777481213895891e-01,4.307364787729798250e-01
5.800000000000000000e+02,2.430629129208762720e+02,1.821902323011189822e+02,-9.002227116855739952e-01,4.354297525037441052e-01
5.810000000000000000e+02,2.496969229313245364e+02,1.912178797833856834e+02,-8.967216818262381262e-01,4.425948772215092530e-01
5.820000000000000000e+02,2.562463204559786050e+02,2.002868108959218603e+02,-8.967395438359361259e-01,4.425586859625705860e-01
5.830000000000000000e+02,2.626897999973333526e+02,2.094423391485499621e+02,-8.893700044646571934e-01,4.571881397833233440e-01
5.840000000000000000e+02,2.689398468252170460e+02,2.187323609674255351e+02,-8.901633464283078556e-01,4.556415440623873270e-01
5.850000000000000000e+02,2.752682933575288757e+02,2.275444305757978043e+02,-8.975875533185607713e-01,4.408362327753923560e-01
5.860000000000000000e+02,2.808718669885265058e+02,2.345065295684293574e+02,-9.182421485035039410e-01,3.960193893127822440e-01
5.870000000000000000e+02,2.865594629894630998e+02,2.408392569143229025e+02,-9.187116994829007677e-01,3.949288711062287627e-01
5.880000000000000000e+02,2.922132210951407956e+02,2.475206940829327777e+02,-9.063754947971845999e-01,4.224730316022063392e-01
5.890000000000000000e+02,2.965769461167942040e+02,2.530463350775206379e+02,-9.060503632715867228e-01,4.231698704012678003e-01
5.900000000000000000e+02,2.998135220307765962e+02,2.564695180889480639e+02,-9.598916034364344263e-01,2.803713780902589159e-01
5.910000000000000000e+02,3.051161608539944723e+02,2.586542742769613028e+02,-9.998610241850212077e-01,1.667130215911575425e-02
5.920000000000000000e+02,3.121525079604842858e+02,2.572546978746390209e+02,9.690367485609037157e-01,2.469165444811500798e-01
5.930000000000000000e+02,3.196595983221272377e+02,2.525914825221552746e+02,9.481875730854105733e-01,3.177110735344286230e-01
5.940000000000000000e+02,3.274013207012741873e+02,2.470488706556200214e+02,9.467223162215123722e-01,3.220510145429985593e-01
5.950000000000000000e+02,3.336456506513246723e+02,2.425270824415028699e+02,9.457712840239994589e-01,3.248333085069868287e-01
5.960000000000000000e+02,3.371264948765265217e+02,2.398867540443953033e+02,9.448751531656334191e-01,3.274308246488421559e-01
5.970000000000000000e+02,3.380542200260360346e+02,2.391922657928615763e+02,9.449212558984966259e-01,3.272977545770943686e-01
5.980000000000000000e+02,3.380521641295334234e+02,2.391839922081414329e+02,9.449478262527063466e-01,3.272210348683060599e-01
5.990000000000000000e+02,3.380617459590242788e+02,2.391708831179201979e+02,9.448952262851385564e-01,3.273728934159893522e-01
6.000000000000000000e+02,3.380710974869854795e+02,2.391616154043040297e+02,9.449547134253197811e-01,3.272011454369800343e-01
6.010000000000000000e+02,3.380755847683862498e+02,2.391548482464573624e+02,9.448066042967876443e-01,3.276285709109834632e-01
6.020000000000000000e+02,3.380819481979737589e+02,2.391459375605349749e+02,9.448891443058579087e-01,3.273904472841924762e-01
6.030000000000000000e+02,3.380812243373517845e+02,2.391452218298990999e+02,9.449045010893279972e-01,3.273461223554176014e-01
6.040000000000000000e+02,3.380802280807361626e+02,2.391400705262406063e+02,9.448949063047327179e-01,3.273738169728459546e-01
6.050000000000000000e+02,3.380801051652109663e+02,2.391358715081859714e+02,9.448840409140212282e-01,3.274051759303603926e-01
6.060000000000000000e+02,3.380773586609948893e+02,2.391349638641976298e+02,9.448922644044541741e-01,3.273814421567342592e-01
6.070000000000000000e+02,3.380822501125750819e+02,2.391340342351432469e+02,9.449026590343799770e-01,3.273514395107470776e-01
6.080000000000000000e+02,3.380804123732065136e+02,2.391361953361573569e+02,9.448483065361746869e-01,3.275082863619220852e-01
6.090000000000000000e+02,3.380804953477485810e+02,2.391264204858182723e+02,9.448342306199828400e-01,3.275488919974314794e-01
6.100000000000000000e+02,3.380860429516696399e+02,2.391278278333217315e+02,9.447922059897527758e-01,3.276700894207718040e-01
6.110000000000000000e+02,3.380843192345059833e+02,2.391250522194053758e+02,9.447864382863004895e-01,3.276867193376724052e-01
6.120000000000000000e+02,3.380848854404859480e+02,2.391231078614615342e+02,9.447902473280778146e-01,3.276757369012077703e-01
6.130000000000000000e+02,3.380860944153046717e+02,2.391273599628920010e+02,9.448153797915219698e-01,3.276032632764851460e-01
6.140000000000000000e+02,3.380877126857336634e+02,2.391213229325947509e+02,9.448167389408039796e-01,3.275993434322855835e-01
6.150000000000000000e+02,3.380820682110240227e+02,2.391214676185895200e+02,9.448084584478158021e-01,3.276232239104270305e-01
6.160000000000000000e+02,3.380851892844783606e+02,2.391221043855732091e+02,9.448357300740010123e-01,3.275445667012803486e-01
6.170000000000000000e+02,3.380904189471077643e+02,2.391218302855902778e+02,9.448539887249016722e-01,3.274918930151452523e-01
6.180000000000000000e+02,3.380899769900766501e+02,2.391142604959012488e+02,9.448339440265444145e-01,3.275497186920556802e-01
6.190000000000000000e+02,3.380889202843133035e+02,2.391144384708273947e+02,9.448097669352637507e-01,3.276194504356120807e-01
6.200000000000000000e+02,3.380872910218693050e+02,2.391133014752658426e+02,9.448042341329641047e-01,3.276354058468393671e-01
6.210000000000000000e+02,3.380922093985462880e+02,2.391161687734280008e+02,9.448229771797728160e-01,3.275813514123635528e-01
6.220000000000000000e+02,3.380904535946007741e+02,2.391155208056065362e+02,9.448291667820594153e-01,3.275634985738175020e-01
6.230000000000000000e+02,3.380918491070293612e+02,2.391173325579140112e+02,9.448890151045868935e-01,3.273908201747319779e-01
6.240000000000000000e+02,3.380845688931329960e+02,2.391164060693788258e+02,9.449215817990697097e-01,3.272968136880408108e-01
6.250000000000000000e+02,3.380883024945463831e+02,2.391169745529436739e+02,9.449435626728502902e-01,3.272333469607599521e-01
6.260000000000000000e+02,3.380900348368207347e+02,2.391077733114416333e+02,9.449362056643089147e-01,3.272545908382935576e-01
6.270000000000000000e+02,3.380862039360840754e+02,2.391165116902804186e+02,9.449282487607625347e-01,3.272775652163136262e-01
6.280000000000000000e+02,3.380907593439164884e+02,2.391161534813211063e+02,9.449137104745737314e-01,3.273195376954658453e-01
6.290000000000000000e+02,3.381005356860717370e+02,2.391114566148713152e+02,9.448740852342539798e-01,3.274339063883452972e-01
6.300000000000000000e+02,3.381176054803033821e+02,2.391084643901170637e+02,9.448364261136404929e-01,3.275425588970130586e-01
6.310000000000000000e+02,3.381439562620246875e+02,2.391035338159328774e+02,9.447961738454122571e-01,3.276586484240415209e-01
