1.700000000000000000e+01,3.857046306990064863e+02,2.945627195805466272e+02,3.351983363381855763e-01,9.421475868016181421e-01
1.800000000000000000e+01,3.871137547963743941e+02,2.956414443500271432e+02,3.352235261329385985e-01,9.421386243685156980e-01
1.900000000000000000e+01,3.863324625656355806e+02,2.950475097548918484e+02,3.352001949092626720e-01,9.421469255550284361e-01
2.000000000000000000e+01,3.847423411604218586e+02,2.938333471010980702e+02,3.352032943350107264e-01,9.421458228251909928e-01
2.100000000000000000e+01,3.801052626376688863e+02,2.902915522223339622e+02,3.352012006399093247e-01,9.421465677321990695e-01
2.200000000000000000e+01,3.750879852657904507e+02,2.864597105892760283e+02,3.351877511687731404e-01,9.421513527382002762e-01
2.300000000000000000e+01,3.692839962547245705e+02,2.820282545397384979e+02,3.352016440023638522e-01,9.421464099905664247e-01
2.400000000000000000e+01,3.636806820192400096e+02,2.777514757768499294e+02,3.352026071135634777e-01,9.421460673294083099e-01
2.500000000000000000e+01,3.582294834305125164e+02,2.735893880672878709e+02,3.351645789132814413e-01,9.421595963752015246e-01
2.600000000000000000e+01,3.530712966335725014e+02,2.696521923163632550e+02,3.351211437163776341e-01,9.421750469176239928e-01
2.700000000000000000e+01,3.483213533503665644e+02,2.660285838374746845e+02,3.351367220038421468e-01,9.421695057496392023e-01
2.800000000000000000e+01,3.439878514477424574e+02,2.627230283604779402e+02,3.351645348949434111e-01,9.421596120343178615e-01
2.900000000000000000e+01,3.401713696606807957e+02,2.598113815430881459e+02,3.351560016620237503e-01,9.421626476091723434e-01
3.000000000000000000e+01,3.368447109278683911e+02,2.572737433411102757e+02,3.351337501100697946e-01,9.421705628691449119e-01
3.100000000000000000e+01,3.340274302579386472e+02,2.551249494749318956e+02,3.351332380512751508e-01,9.421707450103019577e-01
3.200000000000000000e+01,3.315907467122690377e+02,2.532663833561278466e+02,3.351594734918669771e-01,9.421614125661560424e-01
3.300000000000000000e+01,3.298205478013413199e+02,2.519154822904062314e+02,3.351248106010522587e-01,9.421737426396518122e-01
3.400000000000000000e+01,3.282999640597029156e+02,2.507539427184712792e+02,3.351195616749193529e-01,9.421756096306090900e-01
3.500000000000000000e+01,3.271469729484355753e+02,2.498731419630983055e+02,3.350891855418143273e-01,9.421864134728984430e-01
3.600000000000000000e+01,3.263215031657485383e+02,2.492443133088227967e+02,3.349376551022029691e-01,9.422402916425499653e-01
3.700000000000000000e+01,3.256796578014664192e+02,2.487562746662754591e+02,3.348837829189263426e-01,9.422594398242499780e-01
4.200000000000000000e+01,3.260251409066960946e+02,2.490191197076387937e+02,3.348983890971216626e-01,9.422542485869473960e-01
4.300000000000000000e+01,3.265978716653587526e+02,2.494558327126324286e+02,3.349036916009273668e-01,9.422523639408239005e-01
4.400000000000000000e+01,3.270836882822528651e+02,2.498266195546777624e+02,3.349209491166816322e-01,9.422462299435223620e-01
4.500000000000000000e+01,3.276213467909638553e+02,2.502373273189159875e+02,3.349376705465147985e-01,9.422402861525686069e-01
4.600000000000000000e+01,3.281934087522978416e+02,2.506735064079472579e+02,3.349651233070378709e-01,9.422305270834208102e-01
4.700000000000000000e+01,3.285199272161369777e+02,2.509211758142024848e+02,3.349435555196664804e-01,9.422381942034848690e-01
4.800000000000000000e+01,3.293086686891463160e+02,2.515211294316870578e+02,3.349923154246162715e-01,9.422208597810040054e-01
4.900000000000000000e+01,3.299257710564596664e+02,2.519909102288929432e+02,3.349830448312912101e-01,9.422241557482790020e-01
5.000000000000000000e+01,3.305131468402660175e+02,2.524390367814575313e+02,3.349910113240497922e-01,9.422213234331360265e-01
5.100000000000000000e+01,3.310689077630103725e+02,2.528632401497489468e+02,3.349583485954815698e-01,9.422329354815548452e-01
5.200000000000000000e+01,3.314595766897327849e+02,2.531611121176285906e+02,3.349852799977038331e-01,9.422233610905961232e-01
5.300000000000000000e+01,3.320438680265907578e+02,2.536076297792966159e+02,3.349799682684788671e-01,9.422252495337030131e-01
5.400000000000000000e+01,3.325174611316479059e+02,2.539705807866678526e+02,3.349616413465147935e-01,9.422317649211624513e-01
5.500000000000000000e+01,3.329358978329091769e+02,2.542915764018181335e+02,3.349696362221954438e-01,9.422289227195108641e-01
5.600000000000000000e+01,3.332728008788283205e+02,2.545495590963382426e+02,3.349573369215881891e-01,9.422332951251497501e-01
5.700000000000000000e+01,3.335931008598896597e+02,2.547943381710055917e+02,3.349893163773605687e-01,9.422219260413273734e-01
5.800000000000000000e+01,3.339670733743715800e+02,2.550796302116177685e+02,3.349634729965682012e-01,9.422311137709672435e-01
5.900000000000000000e+01,3.342763232691092412e+02,2.553149832174467804e+02,3.349762512625137911e-01,9.422265709955930379e-01
6.000000000000000000e+01,3.345438727095792046e+02,2.555180816236639032e+02,3.349997642677499110e-01,9.422182114248015550e-01
3.200000000000000000e+02,3.272010359915640265e+02,2.481389463439677456e+02,-3.595759893465320101e-01,9.331158062563631450e-01
3.210000000000000000e+02,3.275176697796763392e+02,2.480210295240464973e+02,-3.724202801213097325e-01,9.280641868719885501e-01
3.220000000000000000e+02,3.278503861640181754e+02,2.478853836961663717e+02,-3.860626038360341350e-01,9.224725827466859762e-01
3.230000000000000000e+02,3.281737787860334379e+02,2.477381926744066618e+02,-3.999336849628197799e-01,9.165440783901558364e-01
3.240000000000000000e+02,3.285102035054052294e+02,2.475717260694153481e+02,-4.129703176828041777e-01,9.107444848655212866e-01
3.250000000000000000e+02,3.288477405453115239e+02,2.473931862016282821e+02,-4.259868610757728824e-01,9.047293485848738603e-01
3.260000000000000000e+02,3.291834072911293561e+02,2.472002698776051659e+02,-4.388179411031230548e-01,8.985759926494898409e-01
3.270000000000000000e+02,3.295138068309482264e+02,2.469964570250334361e+02,-4.507722946231108030e-01,8.926389742780758141e-01
3.280000000000000000e+02,3.298088794115091105e+02,2.468035795575243299e+02,-4.615635075882824068e-01,8.871071685330930157e-01
3.290000000000000000e+02,3.300944278678862815e+02,2.466076441348363062e+02,-4.712194280735855778e-01,8.820160149373722502e-01
3.300000000000000000e+02,3.303584588128356359e+02,2.464156286387158161e+02,-4.788630856768746336e-01,8.778895973731675184e-01
3.620000000000000000e+02,3.369827652367810060e+02,2.416154870000197832e+02,-4.600342057736478418e-01,8.879011935560223723e-01
