2004,299.307775580115,247.107509406041,0.457681212672226,0.889116363344462
2005,299.077280561918,246.778955939078,0.456989267673385,0.889472208240001
2006,298.850397040824,246.445429262446,0.456209199599199,0.889872556156812
2007,298.574453735622,246.047040213442,0.455352175727118,0.890311403982101
2008,298.292450450457,245.654734177891,0.454474289252614,0.890759855633566
2009,298.037063161293,245.291833926227,0.454285363498329,0.890856222131939
2010,297.763566072238,244.925787855003,0.45349208084837,0.891260305751253
2011,297.49922409399,244.52994349454,0.453313717538439,0.891351038307288
2012,297.235679382651,244.128826318363,0.452843148683963,0.891590198852586
2013,296.944018693304,243.738306212626,0.45177873096034,0.892130023175918
2014,296.646022023596,243.329249213237,0.451515359190644,0.892263347008574
2015,296.350840361549,242.911935387014,0.452331743888819,0.891849759472132
2016,296.039848151353,242.478137046626,0.453097834762163,0.891460796745342
2017,295.730374429589,242.030741397313,0.454633105870861,0.890678808014547
2018,295.421440495946,241.590164884067,0.455592353308277,0.890188523632509
2019,295.012011767253,241.031326555483,0.456116714895984,0.889919964037494
2020,294.699105675107,240.572293889132,0.456886366649325,0.889525068769834
2021,294.446419121435,240.199127652685,0.458011106407474,0.888946469933596
2022,294.04602965169,239.631749801381,0.459228607066101,0.888318122325627
2023,293.719150752652,239.156386193553,0.459975755028723,0.887931475275967
2024,293.388595484858,238.665244766523,0.460317358957353,0.88775443059583
2025,293.075421657572,238.203960056798,0.459868432068459,0.887987063637133
2026,292.747615541191,237.721291138607,0.459049561960827,0.888410659359495
2027,292.425654772944,237.238348643578,0.457975348284515,0.888964892649691
2028,292.023614911494,236.658424655497,0.456817764579676,0.889560301477324
2029,291.698781761852,236.196998197438,0.455748604877822,0.890108537849132
2030,291.377952963525,235.723151521441,0.454441780598064,0.890776441115761
2031,291.060996672212,235.246925896018,0.453304656904136,0.891355646209202
2032,290.723145083019,234.786199593323,0.452292334847521,0.891869746004526
2033,290.404658414164,234.324645930231,0.452026329041615,0.892004595197335
2034,290.08011528521,233.861339150852,0.452158026906959,0.891937844641433
2035,289.751395671832,233.404515396359,0.453655462182963,0.891177155021134
2036,289.487209681527,233.059130643192,0.455590620643845,0.8901894103961
2037,289.060213442705,232.461389153297,0.45776090951705,0.889075334107365
2038,288.683620528435,231.891442295034,0.458635764666819,0.888624349974995
2039,288.37293034547,231.43569391628,0.458133414155645,0.888883442771937
2040,288.062212142367,230.973548849224,0.457113813817432,0.889408208426975
2041,287.745135378172,230.515544933395,0.456061462702857,0.889948280653056
2042,287.41810506715,230.074897612422,0.455055452755123,0.890463101379181
2043,287.096301086465,229.620887681143,0.454260012585611,0.890869149182819
2044,286.800177208071,229.144993234806,0.453541063280388,0.891235380760041
2045,286.542300901068,228.783678104481,0.453429894150352,0.891291944926465
2046,286.12690862201,228.223493424915,0.453376445844436,0.891319133842344
2047,285.797619002849,227.734603352387,0.453505102611007,0.891253679883444
2048,285.466206978032,227.243903510449,0.453384762081186,0.89131490367467
2049,285.117976810932,226.767962314147,0.453783436726422,0.891111997760527
2050,284.772054903354,226.278617024904,0.457300012932811,0.889312486233973
2051,284.42919078509,225.78050620152,0.460049891645448,0.887893066307544
2052,284.100916998485,225.272240600193,0.460078015906252,0.887878493533753
2053,283.78656372418,224.775897447206,0.459284772278179,0.888289084675356
2054,283.505312709965,224.381106899898,0.458914048999712,0.888480666998832
2055,283.079404142087,223.762731244109,0.457942709138414,0.888981706868578
2056,282.745597945645,223.309859253287,0.456481758093296,0.889732771414009
2057,282.433327070386,222.854209377883,0.455342428207223,0.890316389310199
2058,282.020902540471,222.240831637729,0.454174045269759,0.890912979254036
2059,281.679136180073,221.736129377964,0.453296189204545,0.891359952461764
2060,281.328224212154,221.24122313504,0.45194012404351,0.892048274635144
2061,280.971592544673,220.724839240457,0.450831206844802,0.892609221851791
2062,280.525477090416,220.148889301829,0.449508115858747,0.893276247180635
2063,280.331454187432,219.857314212837,0.448406378496891,0.893829804673856
2064,279.900861012273,219.233539763152,0.447362935045855,0.89435250564146
2065,279.537750224483,218.725464339352,0.446191614315766,0.894937452179922
2066,279.111338939998,218.146001545911,0.445144174678045,0.895458912374098
2067,278.869106365745,217.822800025701,0.444457880462699,0.895799750220218
2068,278.42264483409,217.229032523538,0.445633971195833,0.895215261105524
2069,278.054522266345,216.740138839189,0.446781762205498,0.894642977371728
2070,277.691237073296,216.220344466491,0.448060646841265,0.89400316372605
2071,277.244613847659,215.62259075077,0.448727445446344,0.893668663265753
2072,277.038232998121,215.323978648073,0.449503608260932,0.893278515447675
2073,276.589466230378,214.69329020408,0.450623141900238,0.892714279029947
2074,276.207797223309,214.190167903746,0.451487859425346,0.892277262285395
2075,275.849843449492,213.683968556842,0.45256303150473,0.891732416431773
2076,275.491302544728,213.15634303708,0.45364077379982,0.891184632018697
2077,275.140906119667,212.629413179053,0.454600153081404,0.890695627483578
2078,274.782060211788,212.118274552331,0.45560531235315,0.890181891163592
2079,274.430443953037,211.608738446874,0.456622535067894,0.889660531027521
2080,273.998253948619,210.983904064225,0.457514530110821,0.889202145036479
2081,273.772305797502,210.675218657431,0.457658375980896,0.88912811838032
2082,273.324304692471,210.018578808314,0.456774126335058,0.889582709763878
2083,272.952720050146,209.459882868053,0.45569273270555,0.890137143006261
2084,272.570378459883,208.914565552776,0.454613992513719,0.890688563871085
2085,272.187635392617,208.337200399809,0.453436566745876,0.89128855032347
2086,271.781617556746,207.761144032675,0.452451668143381,0.891788925696138
2087,271.361306718478,207.189810675231,0.452162794498266,0.891935427747726
2088,270.959697192704,206.597337841394,0.452572260673005,0.891727732477423
2089,270.535295518617,206.015898338467,0.453211679805763,0.891402924208597
2090,270.127230021195,205.42443749304,0.454119763741585,0.890940649077865
2091,269.724462314425,204.832652365704,0.454921678414354,0.890531451723445
2092,269.307027191714,204.238352887474,0.455325069004526,0.890325267268105
2093,268.894739719126,203.653800501153,0.455559667331654,0.890205251332901
2094,268.477934894766,203.060823401708,0.455247889610882,0.890364733693354
2095,268.064944747021,202.466127153919,0.455083179939575,0.890448931346478
2096,267.585198022825,201.771925882915,0.454850198231728,0.890567963250732
2097,267.133779830589,201.133382483343,0.454552317942223,0.890720040334421
2098,266.723209871828,200.539767009788,0.454592832521898,0.890699363769683
2099,266.297430517697,199.949786039857,0.454536239817613,0.890728245141281
2100,265.879448833509,199.365483284519,0.454763886342605,0.890612041058603
2101,265.481276745892,198.75701835751,0.455476968929908,0.890247567126372
2102,265.087481639404,198.169457404289,0.455754838673754,0.890105346026784
2103,264.669144404122,197.575614615705,0.456051059670433,0.889953611697528
2104,264.261771054013,196.986306954744,0.456145737871078,0.88990508809763
2105,263.856262401756,196.384248819661,0.456202016070203,0.889876238885769
2106,263.43834291033,195.783803574222,0.455957644482944,0.890001475525499
2107,263.095814301261,195.314129146204,0.455519153238983,0.89022598312588
2108,262.625838011008,194.624612286134,0.455276742389364,0.890349980535367
2109,262.21467920003,194.031716356567,0.455199290158744,0.89038958116039
2110,261.799276022061,193.449957049807,0.454799812995648,0.890593695294955
2111,261.373093119759,192.867945724103,0.454053281063601,0.890974532719863
2112,260.975015563756,192.269774316878,0.453376385027641,0.89131916477728
2113,260.561713601386,191.700532889912,0.452594807004847,0.891716289338848
2114,260.15220947304,191.111122204898,0.45233510837706,0.891848053050245
2115,259.753397141325,190.505574856952,0.451456584631667,0.89229308648712
2116,259.466616764473,190.095856058163,0.450593428720577,0.892729276989298
2117,258.924588560806,189.352619596854,0.449343507839857,0.893359061051139
2118,258.507514759252,188.763037560023,0.447977240320547,0.894044960924666
2119,258.102444405936,188.187707062123,0.447574010768392,0.894246892577601
2120,257.676668310625,187.613474691994,0.447377975200986,0.894344982266388
2121,257.266427904276,187.032985076536,0.447474540838611,0.894296670742587
2122,256.850556595356,186.451625033654,0.447496375561077,0.894285745083583
2123,256.432259286563,185.870319235078,0.446988466539099,0.894539720068944
2124,256.01702344134,185.27827576492,0.446207923186009,0.894929320832673
2125,255.582061961463,184.690925657478,0.44539569537761,0.895333834130653
2126,255.159031619548,184.115507423016,0.444202276249985,0.895926524763238
2127,254.743283943514,183.526527511919,0.443256997045154,0.896394575268343
2128,254.301426554612,182.940822923297,0.442352534672074,0.896841254107544
2129,253.871229970926,182.353804049968,0.441529153630512,0.89724690386444
2130,253.44098567551,181.755778142053,0.440856585357695,0.8975775571764
2131,252.998272256884,181.16259931117,0.440195011251001,0.897902195158098
2132,252.550343999278,180.573500631877,0.439378806127321,0.898301878393967
2133,252.101956264866,179.975337441735,0.438876123195225,0.898547577198408
2134,251.649441709129,179.35947519332,0.438809097435029,0.898580311384717
2135,251.195981241119,178.762690828603,0.438781182342432,0.898593942791836
2136,250.861632655714,178.335749477718,0.438646214875008,0.898659834517949
2137,250.281512807585,177.542223050072,0.438651520984791,0.898657244525258
2138,249.82899665694,176.919217318443,0.43851967174146,0.898721590647383
2139,249.369522308583,176.317580233697,0.438262100587538,0.898847223497185
2140,248.906298975231,175.712178692707,0.437502678522778,0.899217107424784
2141,248.456425888149,175.089858498743,0.436578929938477,0.899665959083578
2142,247.997247757143,174.481594299093,0.43561872994987,0.900131280490164
2143,247.517550259743,173.847974256552,0.434517284315715,0.900663494114698
2144,247.064471136286,173.249268684083,0.433466993708267,0.901169443204505
2145,246.589768141672,172.629132970833,0.432428787426364,0.901668089601137
2146,246.249099567309,172.195430887175,0.43110046633245,0.902303933233112
2147,245.63040069952,171.405228946182,0.429727000851105,0.902958861044906
2148,245.143271013192,170.777677002826,0.428354386864835,0.903610822895372
2149,244.655516459306,170.141259749844,0.42686885305043,0.904313542028101
2150,244.156782655807,169.511501118671,0.425530210827875,0.904944219094627
2151,243.652185641317,168.891935703202,0.423896760323386,0.905710514782366
2152,243.142246367204,168.257148251053,0.422482338619634,0.906371156620998
2153,242.640255472146,167.630920829536,0.42109433325258,0.907016847970624
2154,242.138997612153,167.006210659545,0.419671719477814,0.907675959729316
2155,241.626457083836,166.382659807741,0.418435216175988,0.908246645941374
2156,241.111289277609,165.76224752171,0.417357282889518,0.908742481905121
2157,240.593960846118,165.131972121473,0.417472903932107,0.908689371833133
2158,240.079723929223,164.527208793552,0.417130737153566,0.90884649315587
2159,239.565559145557,163.898240475762,0.417036531690511,0.908889724463617
2160,239.045369517685,163.277167008891,0.416605487284809,0.909087381918915
2161,238.521402859684,162.645480592702,0.416100632078828,0.909318571229907
2162,238.010499503612,162.019366126092,0.415460068707248,0.909611417754729
2163,237.512264334863,161.42438298417,0.414803046889895,0.909911222202946
2164,237.010140302555,160.824669706789,0.41434237873307,0.910121087100953
2165,236.508271998322,160.228595991451,0.413668520146656,0.910427567376821
2166,236.169042476916,159.826037608604,0.41258648169247,0.910918434946087
2167,235.530081418287,159.068534380206,0.411182987505912,0.911552823914069
2168,235.04080995539,158.489174529002,0.40992856687314,0.912117629509119
2169,234.548085069101,157.913180576875,0.408762409096464,0.912640834561798
2170,234.045157485164,157.334449442101,0.407407603493435,0.913246431482618
2171,233.562652961507,156.756923122879,0.406306325390688,0.913736926006341
2172,233.064503353434,156.185495050732,0.405032247941597,0.914302399716514
2173,232.576488484567,155.635780325063,0.40367361813792,0.91490306044927
2174,232.084452800852,155.07490787183,0.402480279006559,0.915428656428671
2175,231.582710223961,154.498654339103,0.401262284679971,0.915963197346602
2176,231.229848763883,154.101310549469,0.400144947923624,0.916451864885003
2177,230.586899689566,153.377465511051,0.398904527845667,0.916992463253775
2178,230.084347529653,152.81553109182,0.397636197964071,0.917543161964972
2179,229.590023868075,152.263886045186,0.396345470155937,0.918101447709821
2180,229.086652769957,151.708376387208,0.395268461499969,0.918565644547763
2181,228.566317557746,151.137854903216,0.395198314407087,0.918595826405606
2182,228.055457277534,150.600580997571,0.395461070890813,0.918482738765346
2183,227.550587327957,150.043107098675,0.394659069960786,0.918827632637203
2184,227.057865230847,149.487777674531,0.393508076327381,0.919321159261074
2185,226.536801599168,148.928241266056,0.392086618506305,0.919928303504296
2186,225.907782162981,148.261381413979,0.39086605221186,0.920447570059434
2187,225.417297237075,147.726180566192,0.391912084618099,0.920002672784322
2188,224.898606771221,147.163903025483,0.393098191023447,0.919496499294094
2189,224.401607456785,146.61558004257,0.394045101227597,0.919091104406159
2190,223.975020601935,146.155974085844,0.393992092041562,0.919113829407823
2191,223.395488833584,145.506552512692,0.393988034415067,0.919115568760399
2192,222.879650626411,144.952303781875,0.393343407135447,0.919391627144319
2193,222.339732522706,144.407011543143,0.392768762923258,0.919637264834203
2194,221.846656923024,143.867138656381,0.392017169253002,0.919957900673103
2195,221.335392021628,143.313455681079,0.391911670799728,0.920002849066766
2196,220.831049080797,142.773383288099,0.392974769677954,0.919549253926379
2197,220.312397949317,142.218764797367,0.393315443133189,0.919403590482952
2198,219.799763879662,141.653032865268,0.392868531076567,0.91959464835858
2199,219.314072730133,141.106043700494,0.391830490695669,0.920037426717626
2200,218.876861830067,140.638165114168,0.390589962534461,0.920564762071267
2201,218.289660069238,140.012551005008,0.390460141015853,0.920619833741312
2202,217.781049131819,139.478795900207,0.391300459386026,0.920262978981707
2203,217.256886611742,138.886433684797,0.391124107817273,0.920337944607383
2204,216.753076967886,138.336217723364,0.389891786703468,0.920860681461195
2205,216.234188464304,137.80539622092,0.388755370650276,0.921341012758342
2206,215.704411797708,137.23629987225,0.387461647820093,0.921885823444822
2207,215.20305137889,136.700915522565,0.386247916951647,0.922395005759741
2208,214.647711668863,136.119952570504,0.384945637701738,0.922939248279323
2209,214.127896321623,135.582791803722,0.383564274321849,0.923514183683149
2210,213.590015762425,135.030284418052,0.382301207298269,0.924037762701442
2211,213.054319697187,134.477019031076,0.381069636858278,0.924546338408573
2212,212.530102789196,133.929989147614,0.379792302045003,0.925071784948259
2213,211.967546258528,133.363233978044,0.37852758140297,0.925590011893613
2214,211.428101138975,132.835617350469,0.376799721256033,0.92629475333793
2215,210.88786917696,132.27305798738,0.375553501991241,0.92680071598058
2216,210.355842576095,131.721029948531,0.374223137008514,0.927338688790405
2217,209.801249799385,131.180284480702,0.372863896112611,0.927886046330973
2218,209.227688893775,130.625369068508,0.371210465919344,0.928548754773783
2219,208.704623860469,130.094076387342,0.369894525428474,0.929073753831225
2220,208.264941542646,129.660360427511,0.36864743206202,0.929569293185871
2221,207.603229569169,129.017683498339,0.367199470532926,0.930142219684892
2222,207.042094433228,128.477423375093,0.366130779136186,0.930563405990763
2223,206.463376443978,127.920387965546,0.36724916069555,0.930122601579176
2224,205.912901215319,127.403503401548,0.369342189144169,0.929293466735989
2225,205.343923564455,126.863719821197,0.371525723186769,0.928422660758853
2226,204.796040854247,126.31487986188,0.370709085272701,0.928749037198035
2227,204.290842974665,125.79125623963,0.369814614892626,0.929105564837397
2228,203.688150575109,125.205599665038,0.368451791034278,0.929646856437235
2229,203.156789187887,124.686189246868,0.367290063329051,0.930106450563451
2230,202.712336725462,124.244171292389,0.366063340386466,0.930589936988952
2231,202.05379769613,123.615670606902,0.364812730693774,0.931080915669391
2232,201.491791900045,123.073119987507,0.363496733267891,0.931595472779667
2233,200.92540143952,122.520153953427,0.362126501695306,0.932128959302263
2234,200.385171610925,122.009760073526,0.360834064121465,0.932630032847745
2235,199.823706664807,121.486507120406,0.35939085749378,0.933187125688029
2236,199.268352576813,120.970481130624,0.357998066349682,0.933722327295374
2237,198.708047641729,120.434888743579,0.356594086881933,0.934259416436806
2238,198.123382772916,119.885371302339,0.355143536699951,0.934811782307139
2239,197.575503250018,119.391181161961,0.35376203042663,0.935335461654496
2240,197.119544303603,118.973402497885,0.352359531182916,0.935864712864288
2241,196.448997400936,118.361387314855,0.351058919683264,0.936353370747828
2242,195.85967236746,117.839499145333,0.349625013652211,0.936889721273903
2243,195.302947091724,117.327787587647,0.349250414583778,0.937029427453087
2244,194.749261921928,116.840708130404,0.35039949784315,0.936600337343132
2245,194.176657270998,116.340752335452,0.351473406469837,0.936197866128998
2246,193.609142258348,115.81379363457,0.352542226269715,0.935795906539878
2247,193.068690213617,115.32342818364,0.353478648829103,0.935442593012501
2248,192.46841382197,114.778287025372,0.354261657593983,0.935146340397461
2249,191.927978256248,114.272627421481,0.355136646797846,0.934814399814841
2250,191.370484819965,113.760814976015,0.355733391012417,0.934587478259155
2251,190.81447233935,113.243669057626,0.356417477274152,0.934326806793816
2252,190.261520627619,112.733860785183,0.356848683163875,0.93416220075756
2253,189.697419475346,112.206501340017,0.3563437705506,0.934354920354028
2254,189.154996171618,111.706659775911,0.355178850826757,0.934798365384421
2255,188.601683256526,111.193560648931,0.353889050057328,0.9352874105052
2256,188.043359038538,110.6837159642,0.35278290165577,0.935705201598952
2257,187.47290130093,110.183466739397,0.351469530352338,0.936199321316731
2258,186.884630540353,109.660530140137,0.350106305588963,0.936709973677471
2259,186.33875862705,109.167128461311,0.348845101138387,0.937180396408156
2260,185.886820453357,108.762739251103,0.347635147741519,0.937629886498256
2261,185.210609228693,108.157175291757,0.346322083968588,0.93811567205524
2262,184.649226793639,107.646161033734,0.345285268987488,0.93849777997619
2263,184.062383964859,107.136614319898,0.343858007957427,0.9390216559609
2264,183.506856349493,106.647313834225,0.342315621669836,0.939585022848275
2265,182.936864283503,106.142208390513,0.341231790629604,0.939979183314032
2266,182.367413403851,105.638484179132,0.339817927867135,0.940491241798714
2267,181.790180212652,105.142433125322,0.338653389025721,0.940911197776599
2268,181.200039338582,104.650126131443,0.337266821252816,0.94140909878863
2269,180.641929466282,104.170758440977,0.336029080878555,0.941851610819833
2270,180.065137993358,103.664804921967,0.334804790843117,0.942287510279371
2271,179.49008248289,103.18807616535,0.333435216428692,0.94277301427499
2272,178.910664250412,102.703282665895,0.331982077725633,0.943285693768845
2273,178.318367639162,102.195134510536,0.330782613769018,0.943706979113822
2274,177.746113442101,101.728043814924,0.329411058822059,0.944186609905971
2275,177.148123294144,101.251273976427,0.328025325687711,0.944668929153209
2276,176.580254625278,100.77204755959,0.326605790963043,0.945160651587552
2277,175.981471378154,100.280143945808,0.325487330819492,0.94554640154569
2278,175.383016333432,99.7929542521144,0.324212435260181,0.945984300515956
2279,174.79978758143,99.334540012769,0.322831032260858,0.946456615281117
2280,174.203716079023,98.8670839939616,0.321632679578646,0.946864520101508
2281,173.621995167785,98.3929085980745,0.320182251987872,0.947355965575757
2282,173.030222043284,97.9148569098956,0.318931828269377,0.947777657953991
2283,172.398760969397,97.433833879915,0.319157786186265,0.947701592019705
2284,171.834959882985,96.9723662838599,0.320545533649238,0.947233107982151
2285,171.233533669341,96.5183527130275,0.320920077262922,0.947106279152219
2286,170.646451732604,96.0536812107295,0.319713146900435,0.947514381790071
2287,170.057985300711,95.5889768534173,0.31882838375212,0.947812461256978
2288,169.456322167606,95.1071399617865,0.317712420906524,0.94818712161773
2289,168.881728020123,94.6611103466649,0.316601049860326,0.948558788493017
2290,168.384067463415,94.2669978119371,0.315590116068203,0.948895609980391
2291,167.696499764688,93.7360003366178,0.314452690564384,0.949273145831494
2292,167.097797239555,93.2863235938493,0.313373181524759,0.949630059076191
2293,166.490214018448,92.81332180895,0.312351196243817,0.949966699524282
2294,165.913788326161,92.3732866091649,0.311499260065133,0.950246394878126
2295,165.314268498834,91.9168289357807,0.310835496564156,0.950463725807416
2296,164.702797754833,91.4429838329369,0.309775040129941,0.950809878215668
2297,164.110240491292,90.999000127875,0.309703272048118,0.950833257349936
2298,163.501925452626,90.5424536683227,0.310541084717759,0.950559958499367
2299,162.926553006429,90.0915860164341,0.311502346120594,0.950245383236018
2300,162.328047911292,89.6361958908834,0.311725803079529,0.950172102144881
2301,161.73795047956,89.1842187165934,0.311209841275657,0.950341220137893
2302,161.144592061921,88.7380474072039,0.310972444202838,0.950418928129334
2303,160.542121529241,88.285707348996,0.312342466448885,0.949969569856123
2304,159.975063731366,87.8503342641437,0.315292289872389,0.948994611126441
2305,159.402553249991,87.4100967366964,0.318260231582291,0.94800338870343
2306,158.836464852761,86.9681864587911,0.321322639571261,0.946969778450695
2307,158.281258924244,86.5333127637974,0.324035090215843,0.946045062514895
2308,157.747354941381,86.1058310299402,0.32698313139461,0.945030175064995
2309,157.258276349276,85.7063156891924,0.329565869773766,0.944132584693623
2310,156.748231289593,85.2917367460115,0.329975250360752,0.943989583708082
2311,156.243645556473,84.8703831402346,0.329572290424458,0.944130343429538
2312,155.740728964706,84.4529717934763,0.328850645964637,0.944381942144512
2313,155.208461088779,84.0215878205022,0.327834887259155,0.944735035179588
2314,154.710336675138,83.6210138309478,0.326857010646156,0.945073803780138
2315,154.203772627729,83.2053149012474,0.325815912669398,0.945433229293009
2316,153.695804853496,82.7823171607776,0.325300301134687,0.945610762460793
2317,153.182780927781,82.3731749605396,0.324398118632058,0.945920641823605
2318,152.653951998104,81.9503725914502,0.325163921339101,0.945657667583454
2319,152.142535323036,81.5418825009572,0.327291476874967,0.944923430318564
2320,151.710777920384,81.1842928640034,0.329955710661088,0.943996413659574
2321,151.10144348633,80.6910164419618,0.332876808145279,0.942970323286481
2322,150.59313988836,80.2637368683117,0.336324775822189,0.941746061933977
2323,150.074294189207,79.8217650698553,0.341827393224295,0.939762753699828
2324,149.571867399868,79.4031730539616,0.349925903939866,0.936777381106028
2325,149.071808509348,78.9736684440446,0.356849625992452,0.934161840597788
2326,148.595778059887,78.5238688278509,0.361266268214313,0.932462698155001
2327,148.130306379394,78.0726368620739,0.364587237194822,0.931169236215763
2328,147.647664634853,77.5970818289384,0.367835200464888,0.929890996460852
2329,147.188921737891,77.1434430938525,0.370391125896631,0.928875887219076
2330,146.792625956367,76.7687792862165,0.372077074970127,0.928201837038515
2331,146.248724090477,76.2297935535123,0.374312866621097,0.927302473781827
2332,145.779798221352,75.7576020182943,0.377287634975742,0.926096129186604
2333,145.312070810829,75.2889112616729,0.381306538947944,0.924448659123664
2334,144.859477212901,74.8356129604796,0.386495087316197,0.922291465579317
2335,144.400187471977,74.3552036831169,0.391779538597139,0.920059124804821
2336,143.943130648297,73.8720088583866,0.396867830588144,0.917875767761771
2337,143.487274165874,73.3697715776098,0.40089307618477,0.916124850370905
2338,143.037797645809,72.843455992505,0.403544235105253,0.914960135914848
2339,142.591701528081,72.3543009657788,0.404485677603402,0.914544332776557
2340,142.231328971895,71.9467053348162,0.404852668470408,0.914381931597727
2341,141.695423345103,71.3328090361423,0.405486189060429,0.914101170812755
2342,141.254873020657,70.8328954632625,0.406218606976023,0.913775926223962
2343,140.795791510788,70.312884094109,0.405879735764156,0.913926496002834
2344,140.366187987921,69.819575818518,0.405025708508545,0.914305296630809
2345,139.915871556557,69.3049838156791,0.404207219607133,0.91466743880903
2346,139.46998973541,68.800170696033,0.403295289123264,0.915069893380272
2347,139.019455118674,68.2989834265427,0.402302831809745,0.915506652907482
2348,138.56110398898,67.7885017050327,0.401260897983717,0.915963804824897
2349,138.120210841109,67.3049087327669,0.400215098475405,0.916421232268394
2350,137.771724985953,66.9042201647443,0.399356302620554,0.916795802541242
2351,137.245904038594,66.3176738502493,0.398515664568534,0.917161526173825
2352,136.810570417317,65.8358281574521,0.397610482532677,0.91755430584796
2353,136.363450592667,65.3574301548762,0.396484045442767,0.918041612188324
2354,135.945247901853,64.8934190394977,0.392941343053975,0.919563538271792
2355,135.531533174507,64.4189459907877,0.385821040245231,0.922573641995092
2356,135.104286253899,63.9611182154907,0.376601530162311,0.926375349131985
2357,134.660924246666,63.528838879424,0.368549779971365,0.92960801399464
2358,134.204140553943,63.0797911742871,0.359681210535921,0.933075252478285
2359,133.787430939754,62.6568878290184,0.349020072409236,0.937115248544944
2360,133.392562087902,62.2927516667449,0.33633342423025,0.94174297329237
2361,132.841975599226,61.829359134395,0.323786359933673,0.946130219959654
2362,132.360888204184,61.4598721362491,0.31022264951235,0.950663929961339
2363,131.881669449115,61.0719622272212,0.295508380365454,0.955340147347418
2364,131.514225213378,60.7909946985823,0.27754102311042,0.96071378697863
2365,130.92042548942,60.3953790265221,0.257648508934584,0.9662387105906
2366,130.398053275962,60.095348883815,0.236970498652106,0.971516846363753
2367,129.868299237777,59.8061496710386,0.217158841578218,0.976136280200878
2368,129.324324493947,59.5489081286234,0.197261788137258,0.98035084890099
2369,128.799320963265,59.3220433747423,0.177089075332213,0.984194827967503
2370,128.349335991958,59.1417269428375,0.157327568442857,0.987546472935759
2371,127.700154540642,58.9166010939034,0.137612602735316,0.990486128912673
2372,127.138992044246,58.7438346893809,0.117958920678073,0.993018475675284
2373,126.562931952449,58.5894803765153,0.098010895095871,0.995185341754241
2374,126.014609726129,58.4621265156122,0.07827399555053,0.996931884142821
2375,125.445100934175,58.349552872223,0.057918199713631,0.99832133210802
2376,124.88646141896,58.2596559094192,0.035982293977732,0.999352427585034
2377,124.314547744668,58.2164254745975,0.012150176120666,0.999926183885709
2378,123.742209121731,58.1990735625045,-0.012881884896154,0.999917025078342
2379,123.20868840764,58.1921241982842,-0.036991950140879,0.999315563585785
2380,122.747572462561,58.2121226649333,-0.061939139167751,0.998079928181685
2381,122.116482006435,58.2748315725467,-0.086583360695025,0.996244609345895
2382,121.589392033081,58.3433625668364,-0.112489009899538,0.993652968924172
2383,121.074472312669,58.459090457935,-0.137995887366795,0.990432801895137
2384,120.508715675276,58.6239397745622,-0.168895798135187,0.985633912450398
2385,120.027501355319,58.760794674633,-0.194153955513242,0.980971070704209
2386,119.556051637779,58.9360877985355,-0.21883821621123,0.975761156802979
2387,119.124130930704,59.1391518623949,-0.24307392000351,0.970007767708139
2388,118.733557562849,59.3413601330799,-0.266222382465552,0.963911636548893
2389,118.335349776091,59.5692546233861,-0.289170198921769,0.957277700594527
2390,117.95620789212,59.8078035906045,-0.311479695167561,0.950252808203335
2391,117.60117603645,60.0455658137637,-0.333169216927248,0.94286704942536
2392,117.266255056488,60.3013052547249,-0.354048973949673,0.935226883726716
2393,116.934679542368,60.5561436627355,-0.374451858779278,0.927246356399821
2394,116.638487896267,60.8445760825799,-0.394968196191236,0.918694793714126
2395,116.354574675334,61.1351009507,-0.414605257038379,0.910001363095759
2396,116.065809854842,61.4331983942492,-0.434332813461508,0.900752467190965
2397,115.804656856425,61.7462471891112,-0.45384261005829,0.891081862286221
2398,115.549876054453,62.0692303252914,-0.473190665856496,0.880960040947537
2399,115.304098191191,62.4077085712577,-0.492561792736488,0.870277473186694
2400,115.055182774038,62.7937660191944,-0.51739702636784,0.85574547448743
2401,114.80301064016,63.2219364493497,-0.536289271897403,0.844034250992075
2402,114.610550374573,63.6042780463842,-0.55501765618892,0.831838566861718
2403,114.42587905395,63.990391826329,-0.573248478678426,0.819381584911981
2404,114.273289216208,64.3896364538085,-0.591650603078837,0.806194495067071
2405,114.133389344532,64.7970937957963,-0.609924241918291,0.792459727128387
2406,114.00872481275,65.213609892482,-0.627642474019516,0.778501717921458
2407,113.899656251376,65.6304489934468,-0.64502888160702,0.764158191667666
2408,113.805973150064,66.0645282830563,-0.662153804146133,0.749367960120263
2409,113.742287893432,66.4512167929104,-0.676168315437752,0.736747181330253
2410,113.711116447251,66.8364100245646,-0.692079778229112,0.721821016988521
2411,113.657602184352,67.3450132420669,-0.705669539696756,0.70854110730724
2412,113.632045690609,67.7961834092417,-0.719792239773254,0.694189550167821
2413,113.6412844524,68.2570018961228,-0.734873428475817,0.67820427904887
2414,113.662855242739,68.7239118009699,-0.749466529113973,0.662042235614809
2415,113.70737552003,69.2017701129931,-0.762529495219559,0.646953451896043
2416,113.770856024975,69.6866132548982,-0.775193971862527,0.631723282765485
2417,113.857511917135,70.1712226693876,-0.787603294772127,0.616182643429763
2418,113.955667512979,70.6688580435153,-0.799989578402553,0.600013895211857
2419,114.054778451248,71.1133491570546,-0.81171445704876,0.58405448394652
2420,114.2146224538,71.56181525819,-0.826999996180505,0.562201926639748
2421,114.465380015349,72.234094821212,-0.842372331206989,0.538895959918891
2422,114.579246675109,72.5369495181217,-0.852049004192514,0.523462027710267
2423,114.844965200275,73.2256174455151,-0.86474516626424,0.502210909302688
2425,115.298583369529,74.036962380536,-0.883386188373481,0.468645753411862
2426,115.56112277262,74.4726657327157,-0.893993505921929,0.448079916275455
2427,115.850114018715,74.9019619054897,-0.904006331072621,0.427519067856182
2428,116.174314410702,75.3089579744951,-0.913772167046786,0.406227063020942
2429,116.635325933904,75.8356655230368,-0.925511829484573,0.378718699675786
2430,116.932050614042,76.1387697748908,-0.933954479226176,0.357391984707775
2431,117.310218402197,76.5192099296872,-0.941794611316794,0.336188801262993
2432,117.720382261713,76.8783623907274,-0.948747814195864,0.316034151728213
2433,118.151297836653,77.2287569855294,-0.95484715574713,0.297097474175759
2434,118.576238047499,77.5602180516555,-0.960347858590546,0.278804574030902
2435,119.047365986586,77.8699041545154,-0.965253536894336,0.261315153622928
2436,119.525307006967,78.1844465214825,-0.969785500159455,0.24395918445608
2437,120.024244056026,78.481344130233,-0.974109392817559,0.226077178911552
2438,120.533625851043,78.7625232954141,-0.977913207254893,0.209011385040262
2439,121.091544407672,79.0307853982158,-0.981113706733054,0.193431885842348
2440,121.607078048243,79.2427240488374,-0.9833825451951,0.181545503402333
2441,122.290938465849,79.5343985053859,-0.984903770577258,0.17310275186345
2442,122.771023079838,79.7197674559955,-0.98565984942975,0.16874436649003
2443,123.480438010964,79.9855760556648,-0.98587935789311,0.167457133858995
2444,124.100722239344,80.2253150180151,-0.985775752744684,0.168065955210006
2445,124.717132708073,80.4621244301132,-0.985696856945455,0.168528057627955
2446,125.353251502772,80.7014480959179,-0.98580458016245,0.167896782967204
2447,126.020628634533,80.9536557408769,-0.985915713056813,0.167242957243874
2448,126.645793991102,81.1974043746033,-0.986053088517277,0.166431086716213
2449,127.28593510661,81.4450292426445,-0.986155832351219,0.165821211911126
2450,127.959306830937,81.694548880128,-0.986255398787778,0.16522798903927
2451,128.622730929695,81.9435180247352,-0.986377927197601,0.164494938333569
2452,129.306851744549,82.2028567796187,-0.986441966802427,0.164110469291144
2453,129.946624785351,82.4327640532242,-0.986541944434456,0.163508384713088
2454,130.746454537283,82.7253964434333,-0.986654860363759,0.162825632259089
2455,131.26302087556,82.9255665121206,-0.986708617668068,0.162499550213439
2456,131.936247203905,83.1810090297904,-0.986801566160793,0.161934150266723
2457,132.624991727141,83.4377466010497,-0.986909254817465,0.161276541244023
2458,133.425013704797,83.7304639691424,-0.987001311857038,0.160712197397978
2459,133.941745589341,83.9149278057034,-0.987012383117667,0.160644189351446
2460,134.613442370177,84.1841508341285,-0.986495659041032,0.163787407004325
2461,135.288271054752,84.423578970802,-0.985859361527682,0.167574816987013
2462,135.98884444106,84.6807919706765,-0.985132196364962,0.171798008385271
2463,136.632616775186,84.9391989193573,-0.984495045114044,0.175412388803919
2464,137.298080110308,85.2099451494082,-0.983680448251343,0.179924361129994
2465,137.955709461814,85.4830680167778,-0.982870540404384,0.184297316326621
2466,138.612822789187,85.7637074430376,-0.982222093581352,0.187722558262631
2467,139.297586396432,86.0365355734628,-0.981356375005985,0.192196943875577
2468,139.926434786825,86.3041447202225,-0.980404008575731,0.1969974110709
2469,140.546346903184,86.6041895584449,-0.979392453133793,0.201966390136008
2470,141.198012115886,86.9115341113044,-0.978436442805474,0.206548123666544
2471,141.838436869288,87.1995324561425,-0.977833330055958,0.20938476217642
2472,142.491051616026,87.5139304975312,-0.977194819857492,0.212344729258073
2473,143.226348029527,87.8992170835756,-0.976577176929516,0.215167417376276
2474,143.848432091427,88.2127892139753,-0.976273834709687,0.216539602985788
2475,144.339718629649,88.4460585865124,-0.97592512775839,0.218105811499304
2476,144.960675643946,88.7612774894059,-0.975291481267256,0.220921992041359
2477,145.602811025266,89.0816872708365,-0.974393817573036,0.224848144923292
2478,146.202776524239,89.3952257337371,-0.972997164066947,0.230817067648124
2479,146.951716265288,89.7992250816965,-0.971066581223984,0.238808908606787
2480,147.420215864015,90.0645898693408,-0.969233677745731,0.246142393592578
2481,148.020675995669,90.4149314346357,-0.96793101150085,0.251216155879637
2482,148.614278992862,90.7632830108276,-0.96738136199966,0.253324496359281
2483,149.061355915238,91.0407279062691,-0.96686580105901,0.255285179245721
2484,149.395410403211,91.2465460811689,-0.966126460949668,0.258069102088705
2591,152.949220089029,93.5359561863691,-0.959888683947239,0.280381373186659
2592,153.21660651445,93.7217373264059,-0.959476614916611,0.281788263467735
2593,153.49435038163,93.9055268277337,-0.959090925797604,0.283098209200791
2594,153.772828991132,94.1020816177386,-0.958690433101912,0.284451495828145
2595,154.059452418257,94.3069956373092,-0.958264969048915,0.28588152982255
2596,154.367537626368,94.5146566931523,-0.957961688796719,0.28689615333381
2597,154.670261654549,94.7348974238361,-0.95777270364071,0.287526430369043
2598,155.060057425092,95.0086660423956,-0.957554973540062,0.288250711445246
2600,155.656993673594,95.427528709751,-0.957079590854411,0.289825217622541
2601,155.997611286198,95.6649093933038,-0.956743096608928,0.290934094067985
2602,156.355222333393,95.9106981537774,-0.956084153714384,0.293092290953293
2603,156.710091705102,96.1811994438765,-0.955109992141336,0.296251418413107
2604,157.084377600195,96.4390320652824,-0.954265331582459,0.298960995683083
2605,157.459220107112,96.7011749199227,-0.953509314928698,0.301363545148057
2606,157.841834378213,97.0010234702445,-0.952834846489052,0.303489300167542
2607,158.229063049037,97.2991950221333,-0.952389203704674,0.304884903966689
2608,158.620273095506,97.599290557905,-0.952444923733883,0.304710792807799
2609,159.047578929379,97.926646550333,-0.952482788366589,0.304592412685228
2610,159.441535098359,98.2074458904827,-0.952538826685454,0.304417121162228
2611,159.867507760642,98.5233320210857,-0.952389800782216,0.304883038829666
2612,160.279689262617,98.854020876435,-0.952170054232961,0.30556863029768
2613,160.716466303872,99.1841505712123,-0.9519033078859,0.306398584258938
2614,161.160004953125,99.5219944142027,-0.951652968010753,0.307175240662922
2615,161.626059729101,99.8535474280669,-0.951327115654046,0.308182931099946
2616,162.074033889951,100.210570959218,-0.950936254418805,0.309386877601384
2617,162.520535953013,100.579201470123,-0.950462500848882,0.310839242181694
2618,163.022784664343,100.946677738663,-0.950052596238326,0.312089833831248
2619,163.528481013415,101.351323391902,-0.949597105135211,0.313473025823318
2620,163.978900035894,101.705916127675,-0.94913942411678,0.314856083929256
2621,164.476405989628,102.089904496458,-0.948395005702853,0.317091332517754
2622,164.987662777949,102.486541749603,-0.947837794137097,0.318753064307345
2623,165.491501682212,102.898572268615,-0.947276056523817,0.320418589873758
2624,166.005531667714,103.303387212536,-0.946788693720069,0.321855820894769
2625,166.533967642627,103.726370431527,-0.946407386749123,0.322975321513418
2626,167.069799538938,104.163819012648,-0.94600695442492,0.324146328345222
2627,167.60797288064,104.603556258622,-0.945682881867172,0.325090582674122
2628,168.146417894045,105.043888788528,-0.945379006613072,0.325973210333736
2629,168.746251547907,105.515251685645,-0.945086390484852,0.326820615200929
2630,169.256444792082,105.945692358703,-0.945003782019607,0.327059401284598
2631,169.797798578652,106.416655010133,-0.944721601224649,0.327873597868958
2632,170.343442543167,106.877631149107,-0.944529449654379,0.32842673267503
2633,170.892249527086,107.33687963353,-0.944441031057219,0.32868090734872
2634,171.439564950385,107.807885837715,-0.944295792085033,0.329097944464107
2635,171.991020554172,108.275767658766,-0.944164339937617,0.329474884005085
2636,172.53781182962,108.741419819879,-0.94406294857188,0.329765294010403
2637,173.083842193407,109.20271713304,-0.944037186775657,0.329839036477952
2638,173.625097210431,109.658867238857,-0.943941389896738,0.330113090379364
2639,174.333260755387,110.265497339157,-0.94388119329054,0.330285169137862
2640,174.879036566783,110.721514388746,-0.943725397774322,0.330730061524043
2641,175.419361201082,111.167833280856,-0.943657209666834,0.330924569416967
2642,175.967959352079,111.620476803913,-0.943291046578328,0.33196686799312
2643,176.498107736158,112.094283139244,-0.942869686256915,0.333161754614462
2644,177.028649644944,112.565526670159,-0.942775570293826,0.333427989312762
2645,177.57998555412,113.019235017129,-0.942759877007708,0.333472359131026
2646,178.145025049732,113.458927716492,-0.942632912327032,0.333831083929969
2647,178.659166229454,113.933701368138,-0.942721806399805,0.333579969030349
2648,179.156595852501,114.368387786804,-0.942690396626802,0.333668722099635
2649,179.733332703547,114.850416352405,-0.942831549644769,0.333269664077671
2650,180.276148243295,115.302028031884,-0.942578095237487,0.333985829607291
2651,180.81161385295,115.759202351219,-0.942276891381597,0.334834675576223
2652,181.349607745483,116.210499519466,-0.941740776363757,0.336339575628245
2653,181.883773639406,116.673240087517,-0.940401662102819,0.340065749398929
2654,182.417683343273,117.131074206443,-0.939198895312993,0.343373608541561
2655,182.95409120251,117.597964552194,-0.93804311150651,0.346518572309169
2656,183.486258827624,118.07146747115,-0.937341412871936,0.348412220961382
2657,183.99529399337,118.55109074365,-0.93721635292144,0.348748487905876
2658,184.514355694192,119.029624791294,-0.937088774106967,0.349091147757576
2659,185.035780096639,119.497607510926,-0.937203251949456,0.3487836930468
2660,185.556265286807,119.967941675176,-0.937283823628201,0.348567115438187
2661,186.07225690302,120.435161293384,-0.937165185617726,0.348885962552371
2662,186.579964836298,120.910799787197,-0.937175004728516,0.348859585667509
2663,187.098012408799,121.395373347381,-0.937126920364628,0.348988732093041
2664,187.607236070871,121.868932061266,-0.937127472153018,0.348987250391893
2665,188.130617933962,122.326201050476,-0.937132508969195,0.3489737248463
2666,188.652275834192,122.805146416936,-0.937089932125766,0.34908803919431
2667,189.165434109251,123.274350709222,-0.936948348274573,0.349467870719971
2668,189.683877610858,123.750155493916,-0.936757707450986,0.349978567245442
2669,190.194567210953,124.217590098824,-0.936561770416826,0.350502568027254
2670,190.711429203093,124.683549722427,-0.936299082418947,0.351203684863125
2671,191.222265681418,125.151176497845,-0.936044948139908,0.351880455640487
2672,191.726028848548,125.634163644733,-0.935801731779385,0.352526763237493
2673,192.354711290873,126.197553701037,-0.935603117413445,0.353053546485861
2674,192.85892388524,126.671559879558,-0.935461414406258,0.353428836057619
2675,193.364681504445,127.143796870281,-0.935351514268138,0.353719584920459
2676,193.880651354987,127.598330923166,-0.935476564982788,0.353388732655703
2677,194.389210240143,128.069948922473,-0.935611241360834,0.353032017017208
2678,194.847274428252,128.520866005613,-0.93581327841043,0.352496110546943
2679,195.441291933321,129.064133955573,-0.935999414353515,0.352001557283312
2680,195.895867554307,129.494633437588,-0.935966993350765,0.352087755194539
2681,196.404289279342,129.962389163618,-0.93569631221983,0.352806478537755
2682,196.915386808619,130.434922032175,-0.935174711206461,0.354186757968041
2683,197.430913831937,130.920738781859,-0.934589351135839,0.355728470527019
2684,197.947588520521,131.382494877044,-0.934037283424615,0.357175521519555
2685,198.454855121039,131.874231915462,-0.933282260780946,0.359143734055889
2686,198.985419569851,132.348336594667,-0.932643268626042,0.360799852392614
2687,199.483473408991,132.8285123281,-0.932036240242645,0.362365074026672
2688,199.952173134804,133.286224519624,-0.931319488628709,0.36420325383
2689,200.539919522735,133.842601333669,-0.930806881461874,0.365511353343807
2690,200.977401784235,134.298845143622,-0.930299043851105,0.366801975198772
2691,201.374011575334,134.669595948581,-0.929844912676087,0.367951679396087
2692,202.073091139707,135.358094306773,-0.929325057619858,0.369262694135011
2693,202.439255087717,135.718291951755,-0.9294499123251,0.368948316812619
2694,202.919499941711,136.19527715035,-0.929620629102324,0.368517958785457
2695,203.400086486115,136.678280623034,-0.929798698487751,0.368068445116509
2696,203.894955260543,137.171087140773,-0.92999019947359,0.367584315338769
2697,204.377131524344,137.657402695137,-0.929834874264139,0.367977046297989
2698,204.844662764876,138.109603555934,-0.929463285241635,0.368914626150588
2699,205.435205600057,138.690462019552,-0.92885089570892,0.370453794069837
2700,205.891389385395,139.157641971998,-0.928259023910523,0.371934382020112
2701,206.39553871817,139.658395874965,-0.927754013461264,0.373192296954958
2702,206.902135051289,140.171477711747,-0.927127532780396,0.374745964568714
2703,207.405536453619,140.681994123308,-0.926547736270019,0.376177208789824
2704,207.912535403341,141.20038280879,-0.926024882211347,0.37746247167826
2705,208.413939302791,141.723588291434,-0.925493140300479,0.378764369043284
2706,208.911027163231,142.241259795687,-0.92509276488729,0.379741196544684
2707,209.415540409317,142.750728165717,-0.92472799355958,0.380628608918553
2708,209.877012637819,143.240804281433,-0.924422082924239,0.381370964550281
2709,210.447136501656,143.828902984472,-0.923950338269037,0.382512447395549
2710,210.896672774897,144.287930193563,-0.923720371634031,0.383067454932271
2711,211.381906761997,144.827861818843,-0.923541084660514,0.383499497971095
2712,211.88036086917,145.338767410927,-0.92347589805957,0.383656442280161
2713,212.380162169865,145.862630351165,-0.923631689912403,0.383281230155559
2714,212.871147702014,146.391609429634,-0.92374905628857,0.382998278071816
2715,213.347089528369,146.898432603223,-0.923801464223675,0.382871851535465
2716,213.854075923225,147.41883282933,-0.923971048610533,0.382462418192366
2717,214.368616412292,147.922718556438,-0.924021096508637,0.38234148768735
2718,214.809865267462,148.413429605952,-0.923793681278235,0.38289062985454
2719,215.391772404074,149.037179925244,-0.923420950508822,0.383788676437156
2720,215.854275463315,149.499115936814,-0.922657648822035,0.385620102004802
2721,216.346523094755,150.030351083455,-0.921745613528614,0.387795079830519
2722,216.832866135522,150.564857163194,-0.920631435041191,0.390432786551025
2723,217.302620605586,151.100284719088,-0.919622430653336,0.392803494179024
2724,217.794939159954,151.629433621505,-0.918877433615625,0.394543105366148
2725,218.299837588742,152.152607200592,-0.918897364931258,0.394496682777423
2726,218.780345106948,152.69099165379,-0.919056076593033,0.394126791879746
2727,219.253892827905,153.222359769935,-0.919333365243991,0.393479559252014
2728,219.732509860259,153.754300504761,-0.919273038542924,0.393620477882008
2729,220.224081655477,154.286594075452,-0.918327772641099,0.395820795305196
2730,220.688789087122,154.811744632466,-0.917694999544245,0.397285650145443
2731,221.151180975662,155.341696256552,-0.917650576015809,0.397388248867344
2732,221.637162836955,155.877899594822,-0.917832101483637,0.396968806691573
2733,222.105833406485,156.400197630778,-0.918155771262792,0.396219610439498
2734,222.563973734313,156.934233632638,-0.918275068328038,0.395943050055355
2735,223.038050957146,157.457068460351,-0.91823703876916,0.396031236940275
2736,223.511161543906,157.983776159574,-0.918260605474042,0.395976590765724
2737,223.985725268429,158.525228540467,-0.91742074879084,0.397918546549484
2738,224.417401632747,159.003911966907,-0.915798350019896,0.401638372296319
2739,224.99183843607,159.630423797858,-0.914503715986653,0.404577499926285
2740,225.404365558221,160.114497158955,-0.914471073024506,0.404651277770635
2741,225.8533949375,160.649885192935,-0.914637142316524,0.404275769611613
2742,226.315308580156,161.185117285168,-0.914720530735048,0.404087058258233
2743,226.773662634908,161.71525767523,-0.914596266269406,0.404368235307945
2744,227.255983252673,162.250927607803,-0.91458897998357,0.404384714959174
2745,227.712758444595,162.79804409207,-0.914602197514227,0.404354819808231
2746,228.175258878865,163.337541995254,-0.914281172967351,0.405080160903302
2747,228.654320204036,163.878842368224,-0.913609213731961,0.406593414339273
2748,229.132246174343,164.411846416171,-0.912954914080191,0.408060442651368
2749,229.584768926936,164.964220329134,-0.912305443041554,0.409510413294649
2750,230.041693105712,165.513050376594,-0.911458698112895,0.411391591594123
2751,230.498290732427,166.048121397644,-0.910752580253208,0.412952464046558
2752,230.958878108496,166.604656675983,-0.90998701873559,0.414636739487364
2753,231.409923716789,167.163551495449,-0.909607548767366,0.415468539393085
2754,231.852050988908,167.724465123027,-0.909079710205117,0.416622227555588
2755,232.308657791017,168.260817174417,-0.908526480994726,0.417827276911573
2756,232.757343911058,168.817222983941,-0.908095882975296,0.418762304085884
2757,233.208677095045,169.366491983112,-0.907869763494587,0.41925230176146
2758,233.603883734124,169.877026841076,-0.908063180965858,0.418833211880537
2759,234.129092302111,170.521017129769,-0.908067386846056,0.418824093082735
2760,234.538075407624,171.01696713363,-0.908261371270423,0.418403252207689
2761,234.98629241837,171.567306977858,-0.908296466664898,0.418327059421288
2762,235.433447822062,172.109804663155,-0.908258117570236,0.418410315202401
2763,235.872766062816,172.662975449446,-0.908138952672205,0.418668893804437
2764,236.311927790867,173.213586159073,-0.907945319652662,0.419088649954668
2765,236.767207691688,173.759981447668,-0.907291582560799,0.420502062080938
2766,237.217813577096,174.314988497936,-0.90592250356452,0.423443523430684
2767,237.651190022332,174.879099335642,-0.904655692155018,0.42614326071349
2768,238.055835212131,175.413772563939,-0.903947131803504,0.42764422468241
2769,238.573505657246,176.072607012589,-0.903636018958997,0.428301231891686
2770,238.869487224397,176.44254990053,-0.903407454999737,0.428783127292688
2771,239.379562628413,177.089157865559,-0.902931171229508,0.429785178923271
2772,239.859735172847,177.715599835281,-0.902554561126649,0.430575503471204
2773,240.330209955393,178.321117848057,-0.902133449340618,0.431457112098988
2774,240.836794238307,178.978858392045,-0.90173208062664,0.432295332809356
2775,241.186474677856,179.453667583154,-0.90079910120111,0.434236087025564
2776,241.615026085323,180.021350981013,-0.899813129607186,0.436275522790956
2777,242.031200853048,180.594889760056,-0.898884317835256,0.438186014324791
2778,242.507355211343,181.212707561906,-0.898466852507257,0.439041359037736
2779,242.938284071554,181.793184638205,-0.898585948972176,0.438797552761834
2780,243.325921032563,182.313256630411,-0.89879454801443,0.438370118118853
2781,243.742838813549,182.885702833179,-0.898997055813909,0.437954670757058
2782,244.16243433777,183.447588373543,-0.898034303633847,0.439925436292187
2783,244.584773117343,184.004919759767,-0.897325036925502,0.441370341217719
2784,245.00849634931,184.581510087811,-0.896516898556319,0.443009537823916
2785,245.349312944994,185.094064132556,-0.896369290005126,0.443308127531751
2786,245.738988305244,185.635570469419,-0.896426758491251,0.443191907260127
2787,246.132686056389,186.163805638583,-0.896629704923619,0.442781178742484
2788,246.592258119701,186.79706601555,-0.896900099386012,0.442233209654545
2789,246.976002220265,187.31681286693,-0.897117004432702,0.44179302886951
2790,247.344023785004,187.846875331016,-0.897330790869857,0.441358643006882
2791,247.76268407912,188.407053506545,-0.897538047837991,0.440937016685113
2792,248.141287574241,188.922222172179,-0.897738013523941,0.440529748228299
2793,248.71729354782,189.704042862587,-0.89795368516369,0.440089967280496
2794,249.033937073366,190.146307541824,-0.89800097620677,0.439993462146528
2795,249.395141728957,190.643973203922,-0.897462093429962,0.441091590099279
2796,249.835704229999,191.245965510547,-0.896920967320605,0.442190884551762
2797,250.239712938853,191.803924046321,-0.896335067740486,0.443377318250109
2798,250.681266504668,192.407352665285,-0.895881956271254,0.444292156612731
2799,251.043142418186,192.903183563103,-0.895327587415036,0.445408252296219
2800,251.445380357665,193.453603159441,-0.894728592616378,0.446610283753874
2801,251.834246381158,194.014151207678,-0.894040623470116,0.447985896636453
2802,252.229252215299,194.582454965807,-0.893505305550923,0.449052634946452
2803,252.629454923601,195.14357163159,-0.892923907383202,0.450207613911088
2804,253.020609696514,195.686198674857,-0.892495021350373,0.45105724344566
2805,253.400592433936,196.240583384553,-0.891993943642784,0.452047347635835
2806,253.784021741028,196.783205199383,-0.891696382383948,0.452634026166151
2807,254.16573018012,197.337298872084,-0.891860761430347,0.452310050983704
2808,254.533420709156,197.895580054989,-0.892048371362791,0.451939933120533
2809,255.010881479753,198.581106932521,-0.892234994423749,0.451571383864891
2810,255.310521222554,199.017393671071,-0.892369474356144,0.451305574126156
2811,255.697577065802,199.565904567724,-0.892432713423538,0.451180509343547
2812,256.041916870806,200.081688053926,-0.892518049793436,0.451011674785612
2813,256.454078804113,200.699715444999,-0.892437784321798,0.451170478993029
2814,257.040905524339,201.550106519856,-0.891365854827134,0.453284582628058
2815,257.309674975524,201.953520092455,-0.891439651954373,0.453139434306335
2816,257.731420452679,202.5313650133,-0.891434976017854,0.453148632936313
2817,258.166296001249,203.132007494691,-0.891828408573057,0.452373838392593
2818,258.58805172469,203.728719745763,-0.892020596721846,0.451994751102268
2819,258.952686547387,204.277479208903,-0.892287646559633,0.451467336356765
2820,259.273538195862,204.735632447329,-0.892577177828026,0.450894645810479
2821,259.799770982002,205.481286037865,-0.892853883847919,0.450346468952168
2822,260.110322277837,205.922593172971,-0.893090187891347,0.449877668141239
2823,260.508761318622,206.481653949669,-0.893265288689252,0.449529892246231
2824,260.872571023255,207.032124543734,-0.893408822413767,0.449244561495458
2825,261.273428586393,207.598274921249,-0.893639595787159,0.448785330465874
2826,261.668577042543,208.140539481249,-0.893169944317436,0.449719301974008
2827,262.065473598261,208.685647949697,-0.892652940209144,0.450744637611997
2828,262.462606592667,209.293920014078,-0.892779020018813,0.450494862805612
2829,262.85317727289,209.845704893632,-0.892936858243686,0.450181926769495
2830,263.222299762772,210.393066183889,-0.893142674363193,0.449773457677712
2831,263.605064245258,210.956514538731,-0.892857449899019,0.4503393988536
2832,263.994080462085,211.504436738908,-0.892964991327847,0.450126120396115
2833,264.363190189755,212.045105162277,-0.892799421132956,0.450454430131017
2834,264.752125867846,212.597424291276,-0.892627189171581,0.450795631247289
2835,265.14248404131,213.165671128504,-0.892330968270612,0.451381704397987
2836,265.529608160473,213.725413606852,-0.892546258227124,0.450955848087991
2837,265.998187822346,214.391622414507,-0.892728079483374,0.450595801247555
2838,266.413272457926,214.941002427842,-0.892965591897401,0.450124928977862
2839,266.797264809974,215.461876508455,-0.89324354499783,0.449573096748138
2840,267.17732891465,216.034239424005,-0.893274639742707,0.449511310194235
2841,267.569762828436,216.560866957771,-0.893515594190265,0.449032162477052
2842,267.95728437238,217.111454683258,-0.893726996443064,0.448611252454571
2843,268.346808117413,217.658605360045,-0.893990980619377,0.448084954636065
2844,268.734793213734,218.209079515342,-0.894105367262276,0.447856664830156
2845,269.128561151112,218.763902984702,-0.894143598056947,0.447780332365969
2846,269.517723886958,219.310422550383,-0.894138462933801,0.447790586214561
2847,269.986688916339,219.956879402221,-0.893930561796183,0.448205478198071
2848,270.301462635511,220.375929839578,-0.89286526421072,0.450323905612307
2849,270.535689658085,220.722963560687,-0.891115092484648,0.453777359446323
3032,273.259007278803,224.74794474472,-0.889408780238747,0.457112701239229
3034,273.651657502145,225.318937854053,-0.890388728945743,0.455200957123757
3036,274.038473947803,225.866686224621,-0.893964726700378,0.448137330977367
3037,274.257985159885,226.174021523155,-0.895210877067896,0.445642777995255
3038,274.479457256321,226.480063606843,-0.895509653357864,0.44504208873193
3039,274.698565488564,226.795270190001,-0.895686834456857,0.444685388314766
3040,274.934381680082,227.117921271412,-0.89581400090495,0.44442915721481
3041,275.179929829473,227.442854735566,-0.895987605341384,0.444079059486724
3042,275.428017737058,227.784767278092,-0.896546478564015,0.442949671830179
3043,275.683211286983,228.1566486419,-0.897641007438515,0.440727378052201
3044,275.948414870692,228.495739139183,-0.898826486017101,0.438304629263883
3045,276.219517990262,228.867789142339,-0.900076006910586,0.43573292483343
3046,276.501069267711,229.248175934909,-0.901268285905614,0.433261441650138
3047,276.817156621607,229.629802219332,-0.902493621305645,0.430703219749542
3048,277.096825219319,230.00517684808,-0.903536388886302,0.428511369695485
3049,277.397355434803,230.388479297462,-0.904716723822527,0.426013673062068
3050,277.724781244488,230.791588789994,-0.906176705016779,0.42289925429697
3051,278.057816488592,231.204272122025,-0.907613454134076,0.41980688164299
3052,278.392052214113,231.633092449833,-0.909044287143184,0.416699512853496
3053,278.742898838779,232.036131022344,-0.910397631024525,0.413734399615178
3054,279.139425191154,232.511741458956,-0.911232875317709,0.411891547546463
3055,279.433349048359,232.886478341661,-0.912086939281024,0.409996847784193
3056,279.809725159419,233.323379900653,-0.912917449140742,0.408144252751843
3057,280.198293782882,233.781223045013,-0.913430028031673,0.406995803283102
3058,280.576786642633,234.226902599867,-0.913574870655964,0.406670573936619
3059,280.969981701122,234.681954243253,-0.913756201846218,0.406262973439094
3060,281.369145793858,235.144488873781,-0.914286791540466,0.405067479334789
3061,281.769848883889,235.624224109649,-0.914749481056206,0.404021517876713
3062,282.192438185804,236.106126875909,-0.914946173121257,0.403575891612429
3063,282.600742545146,236.587478782551,-0.915116484665522,0.403189557768325
3064,283.135354461347,237.19754418927,-0.915123896493243,0.403172734776329
3065,283.54918183666,237.671808838432,-0.915089968053618,0.403249736971555
3066,283.983278222775,238.174014093201,-0.915098702612724,0.403229915155745
3067,284.429207333892,238.698479400488,-0.91505539255895,0.40332818962823
3068,284.899983978676,239.231747574751,-0.915175461491777,0.403055671940381
3069,285.332909628401,239.731346284613,-0.915236826900971,0.402916307295004
3070,285.792451945893,240.267524351965,-0.915370335462824,0.402612902121477
3071,286.270713981681,240.798504935568,-0.915397742076252,0.402550585394804
3072,286.742856940896,241.345132318059,-0.915395676252043,0.402555283034597
3073,287.222621281903,241.89615378654,-0.915384648670903,0.402580358410154
3074,287.693630872128,242.420694972258,-0.91546974057923,0.402386821458901
3075,288.156240645139,242.940300110289,-0.915549499733049,0.402205312668248
3076,288.610135781865,243.461549850129,-0.915558771270361,0.40218420698718
3077,289.01753444068,243.924675514288,-0.914918722493601,0.403638119149661
3078,289.454918211248,244.413512226133,-0.912940319478018,0.408093093633518
3079,289.86274101477,244.890715104022,-0.910508687741946,0.413489938869666
3080,290.275247254025,245.386991866688,-0.908927630624181,0.416953909068992
3081,290.65812983639,245.858870719702,-0.908677075587748,0.417499667426573
3082,291.042198843879,246.329084331681,-0.908607783749497,0.417650446318242
3083,291.441751325463,246.805687907075,-0.908662353572124,0.417531708018407
3084,291.892594854702,247.365550560217,-0.908684762586924,0.417482936468481
3085,292.233167582588,247.772485790082,-0.908721975017276,0.417401931141558
3086,292.61514744041,248.237177985843,-0.908772437273398,0.417292052706696
3087,292.999845615281,248.7067717703,-0.90871591773612,0.417415118141403
3088,293.371658086077,249.168778417525,-0.908746394008296,0.417348764676401
3089,293.737610820934,249.61857051393,-0.908790735845777,0.417252200043201
3090,294.099335970329,250.056771975171,-0.90878367911358,0.417267569524382
3091,294.43249081283,250.480746548365,-0.908820662393946,0.417187012748276
3092,294.765652310234,250.881481912192,-0.908842294382894,0.417139885339243
3093,295.083021340347,251.267022495162,-0.90887066026156,0.417078077721325
3094,295.428883527643,251.688971547334,-0.908945834500827,0.416914223724252
3095,295.681958549931,251.985366102475,-0.908992238603675,0.416813039813151
3096,295.95905797215,252.323422279959,-0.909179454091857,0.416404515173927
3097,296.229146189552,252.66130926872,-0.91040167494312,0.413725501100383
3098,296.491077819277,252.986781111472,-0.91245937954437,0.409167301579076
3099,296.761112132936,253.299675308136,-0.914388449997657,0.404837945986888
